编号,年龄,性别,日均屏幕时长,社交媒体时长,AI工具使用时长,睡眠时长,每周运动时长,心理压力等级,学业成绩,心理压力_正向,网络使用深度得分,学习状态得分,身心健康得分
1,23,0,2.5,1.2,1.8,4.9,4.3,2,60,4,1.361111111111111,3.0,2.4981481481481485
2,20,1,6.6,0.9,3.1,6.7,4.4,3,72,3,2.5787037037037037,3.6,2.9296296296296296
3,29,2,5.7,5.4,4.0,4.8,6.7,2,46,4,4.037037037037037,2.3,2.864814814814815
4,27,2,7.0,4.3,0.8,4.3,3.2,1,40,5,2.638888888888889,2.0,2.3
5,24,2,9.4,5.6,1.8,5.6,6.8,2,80,4,3.861111111111111,4.0,3.1481481481481484
6,29,1,5.8,3.6,1.7,5.1,8.7,8,42,-2,2.5972222222222223,2.1,2.187037037037037
7,21,1,6.2,2.8,1.2,6.6,2.4,9,83,-3,2.240740740740741,4.15,1.4518518518518517
8,23,1,1.8,0.4,0.8,4.5,9.8,2,90,4,0.5925925925925926,4.5,3.281481481481481
9,26,1,7.5,4.0,0.3,7.8,3.9,7,54,-1,2.439814814814815,2.7,2.472222222222222
10,19,2,4.6,3.5,3.5,8.5,2.7,5,70,1,3.0972222222222223,3.5,2.8759259259259258
11,23,2,9.8,5.9,1.7,7.7,4.2,3,93,3,3.976851851851852,4.65,3.2296296296296294
12,27,0,8.4,1.4,2.0,6.7,0.9,9,55,-3,2.5925925925925926,2.75,1.2351851851851852
13,27,0,5.7,3.2,3.7,8.3,1.3,6,49,0,3.300925925925926,2.45,2.390740740740741
14,24,1,2.1,3.9,3.1,7.5,4.1,1,93,5,2.5787037037037037,4.65,3.516666666666666
15,21,2,8.7,3.9,0.5,4.1,7.6,5,68,1,2.7175925925925926,3.4,2.225925925925926
16,20,2,8.2,3.4,2.3,6.0,9.0,7,98,-1,3.236111111111111,4.9,2.722222222222222
17,24,2,2.7,4.7,1.8,8.3,6.6,4,98,2,2.3703703703703702,4.9,3.644444444444444
18,24,0,3.7,1.2,3.2,5.7,1.1,8,45,-2,2.166666666666667,2.25,1.1203703703703705
19,19,0,8.1,4.4,2.9,4.2,6.7,10,68,-4,3.7453703703703707,3.4,1.1833333333333336
20,22,2,2.7,3.7,2.8,7.7,6.4,5,56,1,2.5092592592592595,2.8,3.225925925925926
21,21,2,9.3,5.4,1.4,8.0,8.1,9,92,-3,3.620370370370371,4.6,2.8685185185185187
22,18,2,4.8,5.1,3.2,4.8,8.3,9,99,-3,3.4537037037037033,4.95,1.8351851851851853
23,24,0,1.8,1.9,0.2,6.7,8.7,9,61,-3,0.7592592592592593,3.05,2.535185185185185
24,28,2,8.3,1.7,0.6,5.0,4.1,1,63,5,2.074074074074074,3.15,2.683333333333333
25,22,2,4.4,5.9,1.3,7.6,7.0,2,56,4,2.810185185185185,2.8,3.8481481481481477
26,18,1,5.7,3.2,0.3,5.4,2.7,3,60,3,1.884259259259259,3.0,2.2129629629629632
27,28,1,2.0,5.4,0.9,5.6,10.0,4,90,2,2.060185185185185,4.5,3.311111111111111
28,21,0,1.0,1.0,3.3,8.2,1.8,10,89,-4,1.6527777777777777,4.45,1.6999999999999995
29,17,2,6.7,3.9,3.8,6.4,0.1,9,50,-3,3.7222222222222223,2.5,1.001851851851852
30,28,2,5.6,4.9,1.2,7.3,1.5,10,95,-4,2.7129629629629632,4.75,1.3499999999999999
31,26,1,6.3,5.7,1.1,6.0,7.8,6,46,0,3.023148148148149,2.3,2.7074074074074077
32,22,0,8.1,2.0,1.1,5.5,4.5,1,81,5,2.3287037037037037,4.05,2.916666666666667
33,29,1,6.8,4.3,1.1,7.1,4.5,9,78,-3,2.726851851851852,3.9,1.9685185185185183
34,28,1,2.6,3.2,0.1,4.8,9.6,6,44,0,1.2268518518518519,2.2,2.607407407407407
35,25,1,4.2,0.4,3.7,5.9,9.2,4,83,2,2.2453703703703707,4.15,3.2777777777777777
36,17,1,9.2,4.1,0.9,5.0,3.1,4,87,2,3.032407407407407,4.35,1.9611111111111112
37,27,2,7.9,4.1,1.7,7.5,2.1,3,96,3,3.125,4.8,2.8129629629629633
38,27,2,6.0,5.6,0.0,8.7,8.5,7,60,-1,2.4814814814814814,3.0,3.5388888888888888
39,26,1,3.3,3.0,3.4,9.0,9.1,3,57,3,2.675925925925926,2.85,4.479629629629629
40,28,0,3.7,1.4,2.9,6.3,5.4,2,74,4,2.0972222222222223,3.7,3.1481481481481484
41,28,0,7.6,0.3,3.8,5.3,6.3,10,59,-4,2.8888888888888893,2.95,1.4833333333333332
42,19,0,8.7,2.5,3.1,6.2,2.6,8,54,-2,3.4120370370370368,2.7,1.537037037037037
43,28,0,7.0,1.8,1.3,8.2,8.0,4,44,2,2.1527777777777777,2.2,3.844444444444444
44,23,1,8.3,4.6,1.0,5.0,6.3,8,52,-2,3.0462962962962963,2.6,1.753703703703704
45,20,2,7.9,2.1,2.8,8.8,5.0,1,90,5,3.0277777777777777,4.5,4.1
46,25,0,2.3,5.7,1.5,5.7,0.6,5,51,1,2.4490740740740744,2.55,1.5925925925925926
47,19,1,4.8,5.8,2.3,8.9,9.2,9,94,-3,3.273148148148148,4.7,3.351851851851852
48,21,0,2.4,3.7,0.0,8.2,6.2,1,60,5,1.2870370370370372,3.0,4.1
49,19,0,3.1,5.6,0.2,8.0,1.9,4,76,2,2.0277777777777777,3.8,2.7611111111111115
50,23,1,8.8,4.6,2.1,5.6,6.1,6,45,0,3.5972222222222223,2.25,2.2907407407407407
51,21,2,5.3,3.3,2.3,4.0,6.8,10,46,-4,2.671296296296296,2.3,1.1333333333333333
52,25,2,5.8,1.1,3.0,5.9,5.3,8,65,-2,2.4444444444444446,3.25,1.8870370370370373
53,23,1,2.6,2.8,0.5,5.5,7.2,3,81,3,1.2824074074074074,4.05,2.9962962962962965
54,18,2,3.8,3.4,2.1,4.2,5.8,5,87,1,2.337962962962963,4.35,1.9592592592592593
55,20,1,3.1,5.2,0.8,6.5,9.5,7,47,-1,2.166666666666667,2.35,2.9722222222222223
56,25,1,2.9,2.9,0.4,6.0,0.5,1,48,5,1.324074074074074,2.4,2.4166666666666665
57,28,1,6.7,5.4,1.6,7.2,1.1,7,66,-1,3.222222222222222,3.3,1.8055555555555556
58,18,2,3.3,4.0,0.7,7.1,1.7,8,43,-2,1.8287037037037035,2.15,1.6870370370370367
59,26,1,6.7,0.8,0.9,4.6,6.9,8,60,-2,1.6527777777777777,3.0,1.72037037037037
60,25,0,1.5,6.0,1.3,8.9,6.5,9,70,-3,2.300925925925926,3.5,2.901851851851852
61,26,2,2.3,3.2,1.0,4.9,8.9,6,60,0,1.5462962962962965,3.0,2.524074074074074
62,21,2,3.5,2.4,0.4,6.2,7.3,6,79,0,1.2962962962962963,3.95,2.6907407407407407
63,18,2,6.4,4.0,0.4,6.4,5.1,2,64,4,2.2777777777777777,3.2,3.1314814814814818
64,20,2,7.1,0.7,0.8,8.1,9.9,3,78,3,1.6574074074074074,3.9,4.312962962962963
65,28,0,5.0,3.8,0.2,4.5,2.7,4,54,2,1.8796296296296298,2.7,1.7277777777777779
66,28,2,5.0,3.0,2.5,6.1,8.3,4,92,2,2.6157407407407405,4.6,3.194444444444444
67,23,2,7.5,2.4,1.1,7.1,4.3,8,74,-2,2.3287037037037037,3.7,2.1203703703703702
68,28,1,1.1,5.7,1.1,5.1,6.5,1,88,5,2.060185185185185,4.4,3.1166666666666663
69,29,2,4.1,3.1,1.3,7.1,7.3,10,82,-4,1.9768518518518519,4.1,2.25
70,24,0,8.4,1.3,2.7,8.6,6.3,4,80,2,2.8564814814814814,4.0,3.694444444444444
71,19,0,6.4,2.8,3.5,9.0,1.4,4,76,2,3.236111111111111,3.8,3.011111111111111
72,17,0,4.0,5.5,3.0,4.2,4.4,1,96,5,3.333333333333333,4.8,2.466666666666667
73,20,0,9.1,1.1,2.9,5.2,5.6,3,81,3,3.013888888888889,4.05,2.62962962962963
74,18,2,8.0,1.3,1.9,5.6,8.5,5,86,1,2.4490740740740744,4.3,2.8759259259259258
75,24,2,3.4,0.1,2.8,6.0,4.4,6,67,0,1.6388888888888888,3.35,2.140740740740741
76,20,0,6.8,0.1,2.2,5.2,9.2,9,53,-3,2.0185185185185186,2.65,2.1185185185185187
77,18,0,6.4,5.0,0.9,5.0,4.4,9,43,-3,2.7638888888888897,2.15,1.251851851851852
78,22,2,4.6,4.4,0.8,8.8,5.5,9,92,-3,2.2222222222222223,4.6,2.7018518518518526
79,22,0,4.3,2.1,1.2,8.6,8.0,1,59,5,1.6944444444444442,2.95,4.533333333333333
80,26,1,4.1,4.2,3.6,4.2,5.8,9,73,-3,3.2407407407407414,3.65,1.2185185185185183
81,20,0,6.6,2.4,2.2,5.7,9.6,8,51,-2,2.6203703703703702,2.55,2.537037037037037
82,22,0,5.0,5.7,2.9,6.0,6.6,2,72,4,3.5324074074074074,3.6,3.2481481481481485
83,29,1,8.5,5.8,1.4,5.2,5.2,1,63,5,3.5833333333333335,3.15,2.9333333333333336
84,18,1,7.0,2.4,1.6,7.1,0.2,1,59,5,2.4444444444444446,2.95,2.7333333333333334
85,26,2,1.6,5.1,0.5,7.2,4.1,6,44,0,1.7361111111111107,2.2,2.490740740740741
86,28,2,6.8,4.6,0.7,8.3,3.0,9,77,-3,2.643518518518518,3.85,2.1185185185185187
87,18,1,3.4,1.9,3.3,7.7,7.5,7,69,-1,2.347222222222222,3.45,3.0388888888888888
88,26,1,6.3,1.4,2.3,6.7,2.1,5,63,1,2.3287037037037037,3.15,2.175925925925926
89,20,2,7.1,2.7,1.4,7.3,2.1,2,82,4,2.4629629629629632,4.1,2.931481481481481
90,24,0,3.1,4.7,3.2,5.4,1.9,1,79,5,3.0277777777777777,3.95,2.45
91,23,1,5.1,5.8,1.0,7.0,1.3,2,46,4,2.7870370370370368,2.3,2.6981481481481477
92,28,2,2.7,4.6,3.9,6.4,3.1,1,75,5,3.2175925925925926,3.75,2.9833333333333334
93,25,0,1.5,5.1,1.4,4.7,8.9,3,77,3,2.0925925925925926,3.85,3.0129629629629635
94,24,1,4.4,3.6,1.3,5.2,7.7,6,55,0,2.1712962962962963,2.75,2.424074074074074
95,21,0,4.3,5.0,1.2,5.5,7.4,8,91,-2,2.5,4.55,2.103703703703704
96,29,2,10.0,4.7,0.5,8.6,8.0,3,54,3,3.1805555555555554,2.7,4.162962962962963
97,18,1,5.0,2.3,0.4,5.2,2.7,10,85,-4,1.5462962962962963,4.25,0.8500000000000001
98,21,0,4.0,3.3,2.6,5.4,8.9,9,62,-3,2.5555555555555554,3.1,2.1351851851851853
99,24,1,6.2,4.8,3.5,5.8,1.4,10,51,-4,3.7546296296296293,2.55,0.8333333333333333
100,26,0,1.8,0.3,3.2,7.3,3.4,5,68,1,1.5648148148148147,3.4,2.5925925925925926
101,25,2,9.7,4.8,0.6,4.6,5.9,7,83,-1,3.194444444444444,4.15,1.7388888888888887
102,28,2,6.7,1.1,2.2,8.8,1.0,8,87,-2,2.2777777777777777,4.35,2.1370370370370373
103,28,1,7.8,3.1,0.4,8.3,7.3,3,54,3,2.287037037037037,2.7,3.9462962962962966
104,28,0,2.5,4.8,0.2,6.9,3.9,2,68,4,1.6944444444444442,3.4,3.098148148148148
105,29,1,4.7,1.5,2.6,7.4,7.8,2,84,4,2.1851851851851856,4.2,3.914814814814815
106,25,1,4.8,1.5,2.1,4.1,4.9,5,82,1,1.9953703703703707,4.1,1.7759259259259261
107,29,0,8.4,2.4,0.3,5.7,1.8,1,88,5,2.162037037037037,4.4,2.5333333333333337
108,29,0,1.0,5.4,0.1,8.0,7.3,2,60,4,1.5416666666666667,3.0,4.031481481481481
109,17,0,3.7,0.0,4.0,4.4,2.5,9,54,-3,2.166666666666667,2.7,0.7351851851851853
110,25,2,9.8,5.4,0.1,5.4,4.9,7,53,-1,3.171296296296296,2.65,1.838888888888889
111,23,1,5.3,0.9,1.8,6.9,0.8,6,81,0,1.796296296296296,4.05,1.8407407407407406
112,25,1,4.4,5.9,2.0,5.3,6.2,9,83,-3,3.1018518518518516,4.15,1.651851851851852
113,24,2,2.1,5.7,0.5,8.7,6.7,7,55,-1,1.9953703703703707,2.75,3.2388888888888885
114,17,0,9.8,3.0,0.7,4.7,3.8,5,54,1,2.7546296296296298,2.7,1.7925925925925925
115,28,2,1.2,3.1,1.4,8.0,9.5,9,81,-3,1.4814814814814816,4.05,3.1018518518518516
116,24,2,7.6,2.9,3.0,6.5,8.7,6,43,0,3.2777777777777777,2.15,3.024074074074074
117,24,2,7.9,3.8,2.0,7.8,7.1,6,66,0,3.1666666666666665,3.3,3.1907407407407407
118,27,1,3.2,0.5,2.6,5.6,7.1,4,62,2,1.6296296296296298,3.1,2.8277777777777775
119,19,2,7.0,0.2,3.9,6.6,2.5,1,68,5,2.791666666666666,3.4,2.9499999999999997
120,17,1,1.8,0.3,3.1,8.3,6.6,5,80,1,1.5231481481481481,4.0,3.4592592592592597
121,24,1,3.3,2.7,1.7,6.3,2.0,9,92,-3,1.884259259259259,4.6,1.285185185185185
122,19,1,8.1,1.7,1.8,5.8,1.4,8,91,-2,2.537037037037037,4.55,1.2037037037037037
123,19,0,8.8,3.7,2.5,6.7,10.0,8,48,-2,3.5138888888888893,2.4,2.9370370370370376
124,17,1,6.5,6.0,2.7,7.6,6.2,5,92,1,3.810185185185186,4.6,3.159259259259259
125,27,1,5.6,2.3,2.0,6.2,4.3,9,96,-3,2.324074074074074,4.8,1.6351851851851853
126,21,0,2.4,3.4,2.6,8.7,2.9,3,95,3,2.287037037037037,4.75,3.346296296296296
127,26,1,1.6,2.5,0.1,5.5,6.0,3,91,3,0.8472222222222224,4.55,2.7962962962962963
128,23,2,2.1,5.1,1.7,6.4,0.5,1,82,5,2.3287037037037037,4.1,2.5500000000000007
129,26,2,3.0,5.4,1.1,7.8,0.9,9,82,-3,2.3287037037037037,4.1,1.6018518518518519
130,25,1,4.1,5.3,0.5,7.4,0.3,6,46,0,2.2546296296296293,2.3,1.9240740740740745
131,28,0,4.4,5.8,0.4,8.3,5.0,2,92,4,2.407407407407408,4.6,3.7481481481481476
132,23,2,4.1,0.2,2.4,9.0,6.0,8,81,-2,1.6296296296296295,4.05,3.0370370370370376
133,25,0,3.2,5.0,2.1,6.1,0.6,9,43,-3,2.6712962962962967,2.15,0.985185185185185
134,24,0,5.6,4.5,1.0,4.6,7.2,9,44,-3,2.518518518518518,2.2,1.585185185185185
135,28,2,8.4,1.4,1.9,4.2,2.3,2,44,4,2.550925925925926,2.2,1.9314814814814816
136,18,0,3.5,5.7,2.0,7.6,6.9,2,50,4,2.8796296296296298,2.5,3.831481481481482
137,17,2,9.5,0.9,0.8,8.4,9.8,7,80,-1,2.157407407407407,4.0,3.6555555555555563
138,23,0,8.9,4.1,2.6,5.1,6.9,4,67,2,3.6851851851851847,3.35,2.6277777777777778
139,23,2,2.5,1.3,3.1,4.8,8.8,1,55,5,1.9305555555555554,2.75,3.4000000000000004
140,24,1,8.1,2.6,3.2,4.3,9.5,8,80,-2,3.3703703703703702,4.0,2.0537037037037034
141,21,2,6.2,4.3,2.4,8.1,4.9,2,93,4,3.157407407407407,4.65,3.6648148148148145
142,19,2,6.1,3.4,2.0,5.6,7.0,3,69,3,2.722222222222222,3.45,2.9962962962962965
143,28,2,4.5,2.6,0.2,6.0,8.5,5,43,1,1.4537037037037037,2.15,3.0092592592592595
144,24,2,5.5,2.0,1.2,6.5,3.6,3,41,3,1.8888888888888888,2.05,2.7296296296296294
145,22,0,4.6,5.0,0.4,8.2,2.6,7,85,-1,2.2222222222222223,4.25,2.3888888888888884
146,27,1,5.9,0.9,3.9,7.3,9.5,7,42,-1,2.7824074074074074,2.1,3.2388888888888885
147,19,2,6.7,2.6,0.5,7.1,7.3,2,89,4,1.986111111111111,4.45,3.731481481481482
148,17,0,7.1,5.4,0.6,4.9,2.2,7,60,-1,2.8796296296296293,3.0,1.2222222222222223
149,19,1,5.8,5.1,3.6,6.6,4.5,6,45,0,3.8055555555555554,2.25,2.357407407407407
150,21,1,7.5,2.4,3.8,7.6,8.0,10,82,-4,3.4537037037037033,4.1,2.5333333333333337
151,19,1,2.3,4.6,3.1,8.9,5.5,9,92,-3,2.810185185185185,4.6,2.7351851851851854
152,17,1,2.9,4.9,0.0,5.0,6.5,9,57,-3,1.712962962962963,2.85,1.601851851851852
153,21,2,8.4,5.3,0.0,4.0,7.5,2,83,4,2.8425925925925926,4.15,2.7314814814814814
154,26,2,3.9,3.3,1.5,4.4,6.2,7,44,-1,2.0787037037037037,2.2,1.7222222222222225
155,23,0,1.2,1.2,0.6,5.9,5.4,5,48,1,0.6203703703703703,2.4,2.4592592592592597
156,23,0,2.4,1.5,0.1,8.1,7.5,6,59,0,0.7175925925925926,2.95,3.3574074074074067
157,27,0,3.0,1.8,1.9,4.0,7.3,1,67,5,1.6620370370370368,3.35,2.8833333333333333
158,25,1,9.6,3.6,3.8,6.3,6.3,7,65,-1,4.175925925925926,3.25,2.372222222222222
159,26,1,6.2,0.2,1.3,5.6,3.6,6,57,0,1.5601851851851853,2.85,1.8740740740740738
160,26,2,9.4,3.8,2.6,4.3,4.1,4,58,2,3.6944444444444446,2.9,1.8944444444444442
161,28,1,6.2,2.2,2.6,6.3,9.7,1,42,5,2.657407407407408,2.1,4.05
162,29,1,5.3,1.8,1.0,5.3,1.1,9,48,-3,1.7129629629629628,2.4,0.8018518518518518
163,19,1,3.8,5.3,2.6,5.8,2.7,4,75,2,3.074074074074074,3.75,2.161111111111111
164,23,0,6.5,2.8,0.8,7.5,4.9,2,70,4,2.1296296296296293,3.5,3.4648148148148143
165,17,0,2.3,0.6,0.5,6.6,8.4,8,88,-2,0.6157407407407407,4.4,2.6370370370370373
166,20,2,9.1,5.0,2.8,4.6,1.6,2,56,4,4.055555555555556,2.8,1.9481481481481477
167,29,1,8.5,0.3,0.5,8.8,2.8,5,94,1,1.6805555555555554,4.7,2.992592592592593
168,20,1,3.9,4.4,4.0,7.2,0.7,6,62,0,3.4259259259259256,3.1,1.9240740740740738
169,21,2,9.6,4.6,0.7,7.8,7.1,8,73,-2,3.162037037037037,3.65,2.8203703703703704
170,23,1,8.4,2.1,2.4,4.4,2.4,1,80,5,2.9537037037037033,4.0,2.2
171,23,1,7.0,4.9,1.6,4.2,3.9,1,80,5,3.138888888888889,4.0,2.3833333333333337
172,29,0,2.1,3.1,0.5,4.1,4.4,4,44,2,1.2731481481481484,2.2,1.8777777777777773
173,27,2,5.3,2.8,0.1,4.9,8.9,5,54,1,1.6157407407407407,2.7,2.7092592592592597
174,29,2,5.6,0.3,2.5,6.1,4.1,9,86,-3,1.9768518518518519,4.3,1.5685185185185182
175,20,2,3.1,1.7,3.2,8.7,1.5,7,42,-1,2.1944444444444446,2.1,2.372222222222222
176,29,2,1.7,5.6,3.4,6.3,5.2,7,58,-1,3.1018518518518516,2.9,2.1888888888888887
177,23,0,8.0,2.4,1.9,5.5,9.6,8,67,-2,2.7546296296296298,3.35,2.4703703703703703
178,27,0,2.1,3.3,3.1,6.8,6.1,5,42,1,2.412037037037037,2.1,2.8759259259259258
179,19,1,6.3,3.2,2.7,4.6,9.8,5,77,1,2.9953703703703702,3.85,2.7592592592592595
180,22,1,9.4,3.5,2.9,7.0,8.4,1,43,5,3.736111111111111,2.15,4.066666666666666
181,28,1,8.9,0.4,2.0,6.8,0.4,9,63,-3,2.4074074074074074,3.15,1.1851851851851851
182,18,1,3.5,2.2,2.5,8.0,6.6,6,70,0,2.1157407407407405,3.5,3.174074074074074
183,26,0,8.7,4.3,3.2,8.9,2.9,9,84,-3,3.9537037037037037,4.2,2.301851851851852
184,29,2,1.0,1.2,1.6,5.3,5.6,3,98,3,0.9999999999999999,4.9,2.6629629629629625
185,25,0,1.2,1.2,3.2,6.5,2.8,5,84,1,1.7037037037037037,4.2,2.225925925925926
186,21,1,6.4,0.1,2.4,8.5,3.5,2,98,4,2.027777777777778,4.9,3.5648148148148144
187,22,0,4.3,2.6,0.7,7.9,9.2,10,50,-4,1.625,2.5,2.833333333333333
188,28,2,4.5,5.3,0.1,6.4,2.1,5,76,1,2.1620370370370368,3.8,2.0759259259259264
189,28,2,6.1,0.3,1.5,8.7,8.7,8,40,-2,1.6527777777777777,2.0,3.387037037037037
190,28,0,2.7,1.1,2.2,4.3,0.3,2,48,4,1.537037037037037,2.4,1.6314814814814813
191,28,0,2.9,1.9,3.4,8.7,0.9,8,56,-2,2.2962962962962963,2.8,2.087037037037037
192,20,0,5.4,4.4,0.5,4.3,8.5,4,93,2,2.2453703703703707,4.65,2.6277777777777778
193,27,1,7.8,3.8,3.2,6.7,6.3,10,40,-4,3.648148148148149,2.0,1.9499999999999997
194,26,0,6.6,2.5,3.5,8.5,7.5,10,42,-4,3.189814814814815,2.1,2.7499999999999996
195,23,0,3.7,4.6,0.6,5.3,2.1,1,86,5,2.0277777777777777,4.3,2.45
196,28,0,4.9,3.7,3.4,6.4,5.4,5,65,1,3.1666666666666665,3.25,2.6259259259259258
197,25,2,2.5,5.4,4.0,5.6,7.4,1,92,5,3.4444444444444438,4.6,3.433333333333333
198,23,2,1.7,4.9,2.9,8.8,6.3,7,70,-1,2.6990740740740744,3.5,3.2055555555555557
199,17,1,8.0,1.5,3.1,8.1,4.7,8,65,-2,3.0046296296296293,3.25,2.5203703703703706
200,17,1,3.4,1.6,4.0,7.5,9.6,3,62,3,2.5555555555555554,3.1,4.062962962962963
201,25,2,2.6,0.8,2.4,6.9,6.8,3,69,3,1.5185185185185186,3.45,3.396296296296297
202,27,2,7.2,2.0,1.2,8.1,9.1,7,49,-1,2.2037037037037037,2.45,3.438888888888889
203,25,2,6.6,6.0,3.4,6.0,7.3,4,47,2,4.12037037037037,2.35,2.994444444444444
204,20,0,6.7,2.4,2.5,6.2,7.4,3,83,3,2.7638888888888884,4.15,3.262962962962963
205,29,0,3.1,1.3,2.3,7.7,0.8,8,64,-2,1.708333333333333,3.2,1.737037037037037
206,25,2,3.1,4.6,1.0,5.8,3.6,3,61,3,2.0833333333333335,3.05,2.4962962962962965
207,19,0,3.0,3.3,3.0,4.3,8.6,7,54,-1,2.537037037037037,2.7,2.0888888888888886
208,23,0,2.6,0.9,0.3,4.4,2.3,2,98,4,0.6712962962962964,4.9,1.998148148148148
209,22,1,6.9,2.3,3.7,4.6,1.2,1,80,5,3.273148148148148,4.0,2.0666666666666664
210,24,2,8.6,2.5,1.3,8.3,3.3,6,95,0,2.643518518518518,4.75,2.724074074074074
211,27,2,7.5,4.5,0.5,6.4,2.2,8,96,-2,2.662037037037037,4.8,1.5370370370370372
212,25,0,8.1,0.1,1.8,7.6,9.3,1,49,5,2.0925925925925926,2.45,4.416666666666666
213,21,2,4.6,1.6,0.2,6.0,8.7,10,59,-4,1.1944444444444444,2.95,2.1166666666666667
214,17,1,6.9,3.1,2.7,5.3,5.0,9,80,-3,3.078703703703704,4.0,1.451851851851852
215,19,1,4.2,1.6,3.6,5.7,0.6,3,86,3,2.537037037037037,4.3,1.962962962962963
216,26,1,5.7,3.8,3.3,8.0,7.1,3,62,3,3.3009259259259256,3.1,3.812962962962963
217,28,2,5.3,2.9,0.5,7.1,6.2,4,92,2,1.810185185185185,4.6,3.177777777777777
218,24,2,2.6,2.2,0.5,8.7,9.7,1,92,5,1.115740740740741,4.6,4.85
219,27,2,4.5,5.7,3.3,7.4,5.6,9,40,-3,3.606481481481481,2.0,2.251851851851852
220,22,2,9.7,3.8,3.7,6.9,3.4,3,41,3,4.208333333333333,2.05,2.82962962962963
221,24,2,3.2,0.8,1.8,7.1,5.2,10,97,-4,1.3796296296296295,4.85,1.8999999999999997
222,25,1,2.2,3.4,2.0,8.7,9.8,4,58,2,1.9999999999999998,2.9,4.311111111111111
223,20,0,4.8,4.7,1.3,7.9,7.0,1,53,5,2.550925925925926,2.65,4.133333333333333
224,17,1,8.1,4.3,3.6,4.1,6.7,4,47,2,4.0092592592592595,2.35,2.2611111111111106
225,17,2,6.2,1.0,2.6,6.7,2.4,1,77,5,2.324074074074074,3.85,2.966666666666667
226,26,1,7.1,5.8,1.2,7.4,7.4,5,51,1,3.2407407407407405,2.55,3.2925925925925927
227,20,2,2.7,2.7,1.2,7.7,7.5,5,65,1,1.5648148148148147,3.25,3.409259259259259
228,28,2,6.6,1.0,3.6,5.1,3.2,7,66,-1,2.814814814814815,3.3,1.4555555555555555
229,23,1,3.9,1.1,0.1,8.3,4.8,8,68,-2,0.8842592592592592,3.4,2.6037037037037036
230,18,2,8.5,0.6,1.3,8.8,2.9,4,54,2,2.0972222222222223,2.7,3.1944444444444446
231,19,0,6.7,4.8,2.2,5.2,2.6,7,85,-1,3.3055555555555554,4.25,1.3888888888888886
232,17,2,2.8,0.7,0.6,8.4,0.3,4,92,2,0.7777777777777778,4.6,2.6277777777777778
233,21,0,1.6,0.8,0.4,4.5,2.9,3,40,3,0.5000000000000001,2.0,1.9462962962962962
234,17,0,1.4,5.1,3.3,4.3,5.5,6,99,0,2.8657407407407405,4.95,1.7574074074074075
235,24,2,4.3,2.1,3.6,4.6,0.0,4,82,2,2.694444444444444,4.1,1.311111111111111
236,17,1,3.4,0.2,3.3,4.3,2.8,3,67,3,1.875,3.35,1.862962962962963
237,27,0,6.8,0.3,3.6,8.2,8.8,9,96,-3,2.657407407407408,4.8,3.051851851851852
238,17,1,5.5,0.9,2.2,4.3,5.9,5,42,1,2.0000000000000004,2.1,2.0092592592592595
239,18,0,3.4,1.3,3.2,5.4,6.1,7,90,-1,2.1388888888888893,4.5,2.0388888888888888
240,18,2,2.3,4.0,1.5,4.5,4.0,6,57,0,1.9768518518518519,2.85,1.5740740740740742
241,28,2,2.1,0.9,2.7,5.5,6.8,10,91,-4,1.5787037037037037,4.55,1.6333333333333333
242,22,0,8.8,0.7,4.0,4.5,1.9,5,99,1,3.3055555555555554,4.95,1.4092592592592592
243,23,2,3.2,4.6,0.9,7.3,8.2,7,73,-1,2.060185185185185,3.65,3.022222222222222
244,21,0,6.9,4.0,1.6,4.7,1.2,6,71,0,2.8703703703703702,3.55,1.174074074074074
245,17,2,8.3,2.6,1.9,8.3,6.6,10,68,-4,2.865740740740741,3.4,2.5333333333333337
246,17,1,6.5,3.3,0.6,8.1,3.4,2,64,4,2.1851851851851847,3.2,3.4148148148148145
247,19,2,8.7,1.9,0.3,4.1,7.5,3,99,3,2.0787037037037033,4.95,2.5796296296296295
248,18,1,4.5,2.9,3.3,8.5,5.5,2,65,4,2.8287037037037037,3.25,3.8981481481481484
249,21,2,9.6,3.0,3.9,4.1,4.5,3,78,3,4.050925925925926,3.9,2.0796296296296295
250,28,1,2.2,2.3,1.6,5.2,1.7,1,47,5,1.5277777777777777,2.35,2.35
251,26,2,1.9,5.4,0.4,4.2,6.4,8,58,-2,1.8333333333333335,2.9,1.5037037037037038
252,22,1,6.9,0.1,0.3,5.7,9.7,6,93,0,1.2453703703703705,4.65,2.924074074074074
253,23,0,9.5,4.7,3.6,6.6,8.3,2,86,4,4.37962962962963,4.3,3.731481481481482
254,20,0,8.3,0.7,1.9,8.0,0.6,8,81,-2,2.3379629629629632,4.05,1.8037037037037038
255,23,1,1.7,4.8,1.3,5.7,3.8,6,61,0,2.0046296296296298,3.05,1.9407407407407407
256,27,2,3.5,3.7,1.9,7.5,9.3,7,68,-1,2.2824074074074074,3.4,3.272222222222222
257,24,1,9.4,5.1,1.3,4.9,5.0,1,72,5,3.5138888888888893,3.6,2.8000000000000003
258,27,2,3.3,0.6,2.0,7.8,6.6,7,77,-1,1.4259259259259258,3.85,2.922222222222222
259,17,0,8.0,3.4,3.4,5.2,9.1,3,84,3,3.6574074074074074,4.2,3.2129629629629624
260,22,2,8.4,3.0,2.4,4.7,8.7,8,85,-2,3.203703703703704,4.25,2.0537037037037034
261,24,0,5.5,4.2,2.8,4.9,5.0,6,74,0,3.166666666666667,3.7,1.8740740740740738
262,21,2,4.5,3.2,1.5,4.9,4.4,4,82,2,2.162037037037037,4.1,2.1444444444444444
263,20,2,5.1,3.2,3.0,6.6,3.4,8,42,-2,2.898148148148148,2.1,1.8037037037037038
264,18,2,3.0,2.6,2.7,8.2,7.2,9,58,-3,2.217592592592593,2.9,2.7851851851851848
265,22,1,9.0,1.9,0.5,4.4,2.9,10,49,-4,2.2175925925925926,2.45,0.6166666666666667
266,22,1,5.1,2.9,2.3,7.5,2.5,2,66,4,2.5231481481481484,3.3,3.064814814814815
267,27,0,8.9,0.7,1.0,7.3,3.6,6,54,0,2.074074074074074,2.7,2.4407407407407407
268,17,0,2.0,5.8,3.2,8.4,1.8,5,50,1,3.1296296296296293,2.5,2.6925925925925926
269,25,1,9.9,4.3,1.7,5.2,7.0,5,86,1,3.5509259259259256,4.3,2.4925925925925925
270,28,0,5.0,5.7,4.0,6.3,6.2,10,65,-4,3.990740740740741,3.25,1.8000000000000003
271,27,1,1.4,1.4,0.4,8.6,4.8,3,98,3,0.6296296296296295,4.9,3.6296296296296293
272,22,2,1.3,5.3,3.1,7.3,3.9,8,63,-2,2.8194444444444446,3.15,2.1203703703703702
273,29,0,7.7,4.9,2.7,5.9,9.1,8,52,-2,3.726851851851853,2.6,2.5203703703703706
274,19,0,6.9,4.1,3.1,4.7,0.3,5,71,1,3.523148148148148,3.55,1.2092592592592593
275,20,1,8.2,3.8,1.2,5.3,7.7,8,76,-2,2.8888888888888884,3.8,2.087037037037037
276,28,0,1.9,1.9,2.0,6.9,9.0,10,43,-4,1.5277777777777777,2.15,2.466666666666667
277,27,0,1.3,4.9,3.2,7.6,4.5,8,52,-2,2.75,2.6,2.3203703703703704
278,20,2,5.6,3.0,0.9,4.6,5.5,3,48,3,2.060185185185185,2.4,2.4129629629629625
279,19,0,4.5,0.4,0.9,7.0,9.4,2,96,4,1.1342592592592593,4.8,4.048148148148148
280,26,2,5.2,1.9,2.2,6.8,2.1,9,88,-3,2.2222222222222223,4.4,1.4685185185185188
281,19,1,9.9,5.6,2.1,6.6,5.2,2,73,4,4.078703703703703,3.65,3.214814814814815
282,19,0,9.7,5.1,1.1,7.5,4.7,9,95,-3,3.4861111111111103,4.75,2.1351851851851853
283,20,2,9.5,5.9,1.2,8.2,2.6,4,76,2,3.712962962962963,3.8,2.9444444444444446
284,23,1,8.1,3.8,1.1,5.6,8.2,2,87,4,2.8287037037037033,4.35,3.3814814814814813
285,20,0,4.2,1.5,3.1,8.4,9.0,10,46,-4,2.300925925925926,2.3,2.966666666666667
286,25,1,4.7,1.0,2.6,4.8,7.8,1,40,5,2.0462962962962963,2.0,3.233333333333333
287,17,0,5.9,1.1,3.3,4.9,2.0,4,99,2,2.587962962962963,4.95,1.744444444444445
288,24,1,8.5,0.1,3.9,5.3,0.9,9,97,-3,3.041666666666667,4.85,0.7685185185185185
289,23,1,1.6,2.3,1.9,4.6,6.1,9,51,-3,1.5416666666666665,2.55,1.4018518518518517
290,18,2,4.8,1.1,0.3,5.2,0.6,4,60,2,1.1342592592592593,3.0,1.6111111111111112
291,24,1,1.7,2.5,0.2,4.5,6.7,9,50,-3,0.9074074074074074,2.5,1.4685185185185188
292,17,0,5.6,5.6,1.2,8.1,5.3,6,83,0,2.907407407407407,4.15,2.990740740740741
293,27,0,9.1,2.6,3.7,4.7,6.6,1,90,5,3.763888888888889,4.5,3.0
294,28,2,8.0,5.3,2.1,7.7,5.9,10,97,-4,3.643518518518518,4.85,2.216666666666667
295,25,0,3.1,3.6,1.1,4.2,4.2,6,83,0,1.8472222222222223,4.15,1.5074074074074075
296,25,0,9.8,1.5,1.6,8.7,2.0,9,83,-3,2.7129629629629632,4.15,2.085185185185185
297,18,0,7.0,2.1,2.4,7.6,3.1,2,53,4,2.694444444444444,2.65,3.198148148148148
298,23,1,1.1,0.5,2.6,4.0,5.2,6,73,0,1.2407407407407407,3.65,1.6074074074074074
299,26,1,3.3,2.0,0.6,7.8,6.5,2,73,4,1.2314814814814814,3.65,3.831481481481482
300,19,0,3.3,4.1,3.9,6.6,7.8,4,64,2,3.189814814814815,3.2,3.2777777777777772
301,23,2,1.6,0.4,2.2,7.9,7.7,8,43,-2,1.1388888888888888,2.15,2.9537037037037033
302,28,1,9.6,1.2,0.5,6.6,9.7,7,91,-1,2.134259259259259,4.55,3.0388888888888883
303,26,2,5.3,2.3,3.6,7.2,2.9,9,94,-3,2.935185185185185,4.7,1.7351851851851852
304,25,0,9.1,5.9,0.3,7.9,0.7,7,65,-1,3.263888888888889,3.25,1.972222222222222
305,20,0,3.9,4.7,3.6,6.0,3.5,1,55,5,3.3425925925925926,2.75,2.916666666666667
306,28,1,2.1,4.4,4.0,4.0,7.4,2,49,4,3.092592592592593,2.45,2.714814814814815
307,17,0,5.3,0.7,2.8,8.2,4.4,6,84,0,2.157407407407407,4.2,2.874074074074074
308,18,1,2.0,4.7,3.1,5.9,8.2,7,41,-1,2.7824074074074074,2.05,2.5555555555555554
309,17,0,5.4,4.7,1.3,6.5,5.5,3,74,3,2.6620370370370368,3.7,3.0462962962962963
310,28,0,9.3,3.6,3.8,4.0,9.3,9,58,-3,4.12037037037037,2.9,1.7351851851851852
311,21,1,5.7,5.9,2.1,6.5,9.5,7,45,-1,3.384259259259259,2.25,2.9722222222222223
312,21,1,6.5,2.0,2.9,8.9,0.7,6,58,0,2.7824074074074074,2.9,2.490740740740741
313,27,1,2.4,5.6,3.7,5.4,4.6,6,98,0,3.3564814814814814,4.9,1.9740740740740739
314,23,0,1.4,5.5,3.9,6.0,6.1,1,92,5,3.226851851851851,4.6,3.3499999999999996
315,25,0,2.0,0.1,3.3,7.4,2.6,5,91,1,1.587962962962963,4.55,2.492592592592593
316,25,2,6.4,2.7,1.2,8.1,4.1,10,90,-4,2.25,4.5,2.05
317,19,1,1.9,5.9,3.9,6.1,6.8,3,47,3,3.4305555555555562,2.35,3.1296296296296293
318,19,0,4.4,0.6,2.5,5.5,2.3,7,53,-1,1.8379629629629632,2.65,1.4388888888888887
319,19,0,6.0,3.3,3.7,8.7,6.0,10,49,-4,3.3842592592592595,2.45,2.5666666666666664
320,20,1,4.5,5.9,2.7,7.4,7.0,3,42,3,3.412037037037037,2.1,3.5962962962962957
321,24,2,2.5,3.3,1.2,4.6,0.9,5,77,1,1.6944444444444442,3.85,1.275925925925926
322,22,1,3.5,1.1,1.5,4.3,5.0,7,68,-1,1.3935185185185186,3.4,1.4888888888888887
323,24,2,9.4,3.5,2.2,6.4,2.6,3,54,3,3.4444444444444438,2.7,2.52962962962963
324,17,0,7.1,1.2,3.2,5.1,7.2,10,62,-4,2.7962962962962963,3.1,1.5666666666666664
325,24,2,5.5,3.1,1.3,5.3,1.9,2,62,4,2.2361111111111107,3.1,2.2314814814814814
326,20,0,1.1,0.4,2.3,8.4,8.9,6,57,0,1.0879629629629628,2.85,3.6907407407407407
327,27,1,9.9,3.6,1.4,4.4,4.3,8,85,-2,3.231481481481482,4.25,1.2203703703703703
328,17,1,7.0,3.1,3.3,7.6,2.0,4,58,2,3.347222222222222,2.9,2.6444444444444444
329,24,1,3.9,4.4,1.9,5.4,4.4,9,67,-3,2.550925925925926,3.35,1.3851851851851857
330,20,2,8.9,3.8,0.3,7.8,4.1,8,65,-2,2.643518518518518,3.25,2.3203703703703704
331,22,0,3.3,3.3,0.7,7.6,4.3,7,49,-1,1.6342592592592589,2.45,2.472222222222222
332,24,1,5.9,4.1,0.2,4.0,5.9,7,86,-1,2.1296296296296298,4.3,1.5388888888888888
333,20,1,6.7,0.9,2.0,6.5,5.2,3,43,3,2.138888888888889,2.15,2.9962962962962965
334,19,0,3.0,3.6,0.4,4.7,1.5,6,94,0,1.537037037037037,4.7,1.224074074074074
335,25,1,9.8,1.0,0.5,8.3,0.7,5,41,1,2.115740740740741,2.05,2.475925925925926
336,19,0,7.7,5.6,3.8,8.4,7.3,1,42,5,4.379629629629629,2.1,4.3500000000000005
337,25,0,6.0,0.4,3.5,6.1,5.6,3,46,3,2.4953703703703702,2.3,2.929629629629629
338,29,0,2.6,2.6,1.8,6.2,3.6,1,94,5,1.7685185185185184,4.7,3.0
339,18,0,1.5,4.2,3.9,5.5,8.1,4,55,2,2.884259259259259,2.75,2.9611111111111104
340,18,0,3.9,2.7,0.0,7.6,3.9,10,70,-4,1.2870370370370368,3.5,1.8499999999999996
341,18,2,7.8,0.6,2.5,5.8,8.0,3,49,3,2.4675925925925926,2.45,3.2296296296296294
342,22,1,3.4,3.3,2.5,5.3,3.1,4,58,2,2.4027777777777777,2.9,2.061111111111111
343,19,2,5.9,3.8,1.8,6.2,0.7,9,67,-3,2.7129629629629632,3.35,1.0351851851851852
344,29,1,7.6,4.2,1.6,4.5,9.3,3,56,3,3.055555555555556,2.8,3.0129629629629635
345,25,2,2.0,2.2,1.8,7.7,3.9,6,67,0,1.5462962962962965,3.35,2.624074074074074
346,20,0,7.2,3.4,1.7,4.1,7.9,6,58,0,2.800925925925926,2.9,2.0907407407407406
347,17,1,1.8,2.7,2.9,7.2,2.8,7,76,-1,2.1064814814814814,3.8,2.0888888888888886
348,20,1,9.7,4.0,0.5,4.9,6.5,9,62,-3,2.930555555555556,3.1,1.5685185185185189
349,17,2,5.4,3.5,0.8,5.2,8.7,7,59,-1,2.1203703703703707,2.95,2.405555555555555
350,21,2,2.4,3.2,0.7,7.2,0.4,1,52,5,1.4398148148148149,2.6,2.8000000000000003
351,20,1,4.1,1.5,1.0,9.0,8.3,8,52,-2,1.4074074074074072,2.6,3.420370370370371
352,24,2,4.7,0.0,2.1,7.9,5.7,5,82,1,1.5601851851851853,4.1,3.175925925925926
353,24,2,7.8,1.0,0.4,5.1,6.1,9,50,-3,1.7037037037037037,2.5,1.5685185185185182
354,23,2,7.7,0.7,3.5,4.9,5.2,10,87,-4,2.8935185185185186,4.35,1.1666666666666667
355,19,0,6.5,2.7,1.2,8.3,8.7,5,54,1,2.2685185185185186,2.7,3.8092592592592593
356,17,0,2.0,3.7,0.7,6.2,0.4,5,56,1,1.50462962962963,2.8,1.725925925925926
357,17,2,2.4,1.3,2.7,4.7,2.6,2,93,4,1.7453703703703705,4.65,2.148148148148148
358,28,2,1.8,5.6,0.2,8.3,8.8,3,89,3,1.787037037037037,4.45,4.196296296296296
359,27,0,6.2,0.0,2.5,8.1,7.5,10,67,-4,2.0046296296296298,3.35,2.6166666666666667
360,19,0,8.9,4.6,2.8,8.9,0.2,9,58,-3,3.9074074074074066,2.9,1.851851851851852
361,22,1,4.9,3.8,0.9,8.5,5.2,7,43,-1,2.1527777777777777,2.15,2.922222222222222
362,23,1,2.4,2.2,0.2,8.3,5.3,1,61,5,0.9537037037037038,3.05,3.983333333333334
363,22,0,6.0,0.3,1.5,4.3,4.0,3,61,3,1.6342592592592595,3.05,2.062962962962963
364,22,2,8.3,3.8,0.4,4.5,3.0,2,94,4,2.574074074074075,4.7,2.148148148148148
365,22,2,7.7,2.3,0.5,6.8,6.8,1,76,5,2.087962962962963,3.8,3.733333333333333
366,29,2,8.9,5.6,1.0,6.7,2.1,9,78,-3,3.435185185185185,3.9,1.4351851851851851
367,19,2,3.5,3.3,1.2,6.3,8.0,8,73,-2,1.8796296296296298,3.65,2.4703703703703703
368,22,1,2.7,5.6,2.1,6.0,8.0,5,72,1,2.7453703703703702,3.6,2.9259259259259265
369,24,0,8.9,1.3,2.7,6.2,4.2,2,83,4,2.9490740740740744,4.15,2.914814814814815
370,27,2,6.9,4.4,2.4,6.8,2.8,1,81,5,3.314814814814815,4.05,3.0666666666666664
371,27,1,3.8,3.7,0.6,4.0,2.8,7,79,-1,1.796296296296296,3.95,1.0222222222222221
372,18,2,7.7,4.4,0.7,5.3,4.8,2,72,4,2.7546296296296298,3.6,2.714814814814815
373,21,0,8.3,1.3,3.5,6.6,7.2,1,51,5,3.1712962962962967,2.55,3.733333333333333
374,17,1,6.5,4.0,2.2,7.6,3.6,2,41,4,3.0462962962962963,2.05,3.281481481481481
375,28,0,7.2,3.0,3.5,4.9,6.1,7,98,-1,3.439814814814815,4.9,1.872222222222222
376,17,0,4.4,4.5,1.5,6.7,3.8,7,67,-1,2.5046296296296293,3.35,2.088888888888889
377,21,1,5.8,2.0,2.5,7.6,3.0,10,49,-4,2.486111111111111,2.45,1.7000000000000002
378,28,1,5.7,5.3,2.1,6.2,0.2,6,61,0,3.2175925925925926,3.05,1.5074074074074075
379,29,1,8.6,0.5,1.3,4.1,0.0,5,56,1,2.087962962962963,2.8,0.9592592592592591
380,19,1,8.6,4.8,1.9,6.2,2.3,3,65,3,3.5324074074074074,3.25,2.412962962962963
381,20,1,8.5,5.2,2.0,5.5,4.1,3,42,3,3.666666666666667,2.1,2.4796296296296294
382,19,1,1.1,4.9,0.8,8.6,8.5,9,46,-3,1.712962962962963,2.3,3.1351851851851853
383,17,1,7.7,3.1,1.3,4.6,8.0,4,83,2,2.643518518518518,4.15,2.6444444444444444
384,17,2,7.8,2.6,3.2,7.3,2.7,9,47,-3,3.314814814814815,2.35,1.7351851851851852
385,28,0,7.1,6.0,3.7,4.3,2.4,4,59,2,4.337962962962963,2.95,1.611111111111111
386,28,1,7.8,1.4,1.4,6.2,2.3,2,51,4,2.2314814814814814,2.55,2.5981481481481477
387,29,2,8.6,3.3,1.2,6.8,3.4,4,74,2,2.824074074074074,3.7,2.6111111111111107
388,21,2,5.2,4.0,0.8,5.5,5.0,6,56,0,2.2222222222222223,2.8,2.074074074074074
389,22,2,5.5,4.2,2.7,6.3,4.4,6,67,0,3.1250000000000004,3.35,2.240740740740741
390,19,0,2.1,1.2,1.3,4.8,2.2,5,80,1,1.0787037037037035,4.0,1.5592592592592593
391,28,1,4.5,3.9,4.0,5.5,1.3,1,49,5,3.398148148148148,2.45,2.3833333333333333
392,25,2,6.8,4.9,1.3,7.1,0.1,3,61,3,2.976851851851852,3.05,2.346296296296296
393,21,0,8.0,0.3,1.6,5.5,1.5,5,77,1,2.0462962962962963,3.85,1.675925925925926
394,24,0,3.0,5.5,2.4,8.5,7.1,6,96,0,2.898148148148148,4.8,3.424074074074073
395,29,0,2.2,0.2,3.2,7.1,2.4,1,72,5,1.6111111111111112,3.6,3.1
396,17,2,7.0,2.1,1.9,6.2,4.7,9,61,-3,2.486111111111111,3.05,1.7018518518518522
397,21,1,1.0,0.1,1.7,4.2,5.9,3,83,3,0.7361111111111112,4.15,2.3462962962962965
398,19,2,2.6,0.5,4.0,6.5,8.9,10,76,-4,2.1018518518518516,3.8,2.316666666666667
399,28,2,1.3,5.5,0.0,7.8,8.9,3,52,3,1.5833333333333333,2.6,4.046296296296296
400,17,1,2.5,2.1,3.6,5.3,7.5,2,66,4,2.361111111111111,3.3,3.1648148148148145
401,20,1,2.6,2.5,0.6,8.0,0.4,8,54,-2,1.2407407407407407,2.7,1.7703703703703701
402,29,1,4.5,1.3,3.1,5.3,5.8,3,61,3,2.300925925925926,3.05,2.696296296296296
403,21,0,4.6,3.6,2.5,8.1,7.9,6,69,0,2.708333333333333,3.45,3.424074074074073
404,23,1,8.9,3.6,1.4,4.4,0.2,2,82,4,3.0462962962962963,4.1,1.6481481481481484
405,17,2,5.6,2.2,3.5,8.3,5.5,7,79,-1,2.9212962962962963,3.95,2.905555555555556
406,19,1,7.5,2.0,0.1,6.5,8.6,4,76,2,1.8009259259259258,3.8,3.3777777777777773
407,18,2,1.9,5.3,0.9,5.5,4.7,9,73,-3,2.013888888888889,3.65,1.4685185185185188
408,25,0,3.0,2.3,2.3,5.3,0.0,10,83,-4,1.9675925925925921,4.15,0.4333333333333333
409,26,2,7.3,3.0,1.4,6.2,0.1,9,99,-3,2.583333333333333,4.95,0.9351851851851851
410,22,2,1.5,1.7,2.4,9.0,4.2,7,73,-1,1.5648148148148147,3.65,2.922222222222222
411,26,1,5.4,4.7,0.1,5.1,1.6,8,97,-2,2.1620370370370368,4.85,1.0037037037037035
412,19,1,6.4,2.4,0.5,4.5,6.6,3,87,3,1.875,4.35,2.562962962962963
413,24,2,6.4,3.1,0.5,6.9,7.1,5,92,1,2.0694444444444446,4.6,3.075925925925926
414,24,1,1.2,1.5,0.8,6.4,1.8,2,74,4,0.7870370370370371,3.7,2.581481481481482
415,18,0,3.9,5.9,1.8,6.6,8.9,10,81,-4,2.9259259259259256,4.05,2.3499999999999996
416,22,0,6.7,1.7,3.0,7.3,4.4,7,58,-1,2.7777777777777772,2.9,2.388888888888889
417,23,1,2.3,4.6,3.6,5.3,1.4,8,47,-2,3.018518518518518,2.35,1.0370370370370368
418,18,0,7.3,2.6,3.3,8.6,7.6,9,78,-3,3.263888888888889,3.9,2.985185185185185
419,27,1,7.7,1.2,0.8,6.2,7.9,7,72,-1,1.9074074074074074,3.6,2.605555555555555
420,26,2,9.8,4.8,1.8,4.6,6.4,10,83,-4,3.712962962962963,4.15,1.2666666666666666
421,18,2,2.9,2.0,0.8,7.7,8.5,10,67,-4,1.2407407407407407,3.35,2.6499999999999995
422,26,0,8.4,5.2,1.1,7.2,7.4,8,76,-2,3.2731481481481484,3.8,2.67037037037037
423,17,1,5.7,5.5,2.0,5.6,8.8,9,87,-3,3.2314814814814814,4.35,2.1851851851851856
424,24,1,4.4,5.2,0.3,7.1,4.3,6,64,0,2.199074074074074,3.2,2.4907407407407405
425,17,0,2.1,0.2,0.9,5.1,7.5,10,75,-4,0.6342592592592593,3.75,1.6166666666666665
426,25,2,7.6,4.7,3.7,6.2,10.0,2,56,4,4.069444444444444,2.8,3.8814814814814813
427,27,0,3.1,2.5,1.9,8.5,7.2,2,63,4,1.875,3.15,4.181481481481482
428,22,2,4.3,5.2,1.8,4.7,1.1,4,60,2,2.8055555555555554,3.0,1.527777777777778
429,23,1,1.6,3.8,0.1,5.9,5.2,9,41,-3,1.2083333333333333,2.05,1.6851851851851853
430,29,2,8.2,5.0,1.0,8.1,5.9,7,70,-1,3.138888888888889,3.5,2.905555555555556
431,26,0,7.9,3.0,3.5,8.8,1.7,2,83,4,3.5694444444444446,4.15,3.3648148148148156
432,23,1,7.6,3.2,0.7,6.3,9.6,8,72,-2,2.4027777777777777,3.6,2.7370370370370374
433,26,0,3.7,0.9,1.7,6.5,1.8,7,69,-1,1.4583333333333335,3.45,1.6888888888888887
434,19,0,2.6,4.7,0.1,6.9,1.8,9,51,-3,1.6435185185185186,2.55,1.451851851851852
435,18,2,6.7,2.5,1.9,8.7,9.2,8,83,-2,2.5416666666666665,4.15,3.4703703703703703
436,25,0,5.5,3.0,0.1,8.3,4.7,3,51,3,1.708333333333333,2.55,3.5129629629629626
437,24,2,2.6,4.7,3.3,4.9,0.6,1,90,5,2.9768518518518516,4.5,2.0666666666666664
438,29,1,7.2,3.6,3.3,6.2,6.0,2,96,4,3.523148148148148,4.8,3.214814814814815
439,28,2,9.9,1.2,3.2,6.3,6.0,2,88,4,3.314814814814815,4.4,3.2481481481481485
440,26,1,7.7,3.5,1.1,7.9,0.6,4,91,2,2.6712962962962967,4.55,2.511111111111111
441,23,2,7.7,2.4,3.3,7.0,9.7,6,63,0,3.2824074074074074,3.15,3.3574074074074067
442,25,0,9.6,2.8,2.2,7.3,5.4,4,63,2,3.2870370370370368,3.15,3.111111111111111
443,20,2,2.8,0.2,1.5,9.0,5.6,9,97,-3,1.0138888888888888,4.85,2.7851851851851857
444,29,2,6.1,1.3,2.5,4.4,5.2,4,99,2,2.347222222222222,4.95,2.111111111111111
445,20,1,9.8,1.7,0.0,5.1,6.1,6,50,0,2.1018518518518516,2.5,2.124074074074074
446,17,0,2.5,4.3,0.6,6.0,2.6,6,52,0,1.7222222222222219,2.6,1.8407407407407406
447,24,2,7.3,0.1,3.0,5.7,2.9,10,66,-4,2.4444444444444446,3.3,1.05
448,28,0,6.3,2.5,1.0,4.1,5.1,10,47,-4,2.0925925925925926,2.35,0.8833333333333332
449,19,2,6.3,5.5,2.4,4.5,8.1,1,49,5,3.509259259259259,2.45,3.183333333333333
450,23,2,7.3,0.7,1.5,7.4,0.5,8,47,-2,1.986111111111111,2.35,1.587037037037037
451,28,0,9.4,3.1,3.4,8.4,6.0,3,59,3,3.8333333333333335,2.95,3.762962962962963
452,18,2,8.0,4.7,3.8,6.6,8.1,6,47,0,4.185185185185185,2.35,2.957407407407407
453,18,0,1.5,5.7,3.5,6.7,1.6,3,48,3,3.1342592592592595,2.4,2.4629629629629632
454,23,2,8.7,4.5,1.1,5.3,0.2,2,46,4,3.1342592592592595,2.3,1.948148148148148
455,22,1,3.0,4.3,0.8,7.8,3.1,5,53,1,1.898148148148148,2.65,2.7092592592592597
456,19,0,4.4,5.0,1.9,7.8,5.9,1,67,5,2.8101851851851856,3.35,3.9166666666666665
457,25,2,5.2,2.7,0.0,6.9,1.4,9,41,-3,1.527777777777778,2.05,1.385185185185185
458,26,2,5.3,4.8,0.1,5.1,4.3,7,96,-1,2.171296296296296,4.8,1.6388888888888886
459,29,1,4.9,0.0,2.2,4.5,5.5,3,82,3,1.6388888888888888,4.1,2.3796296296296298
460,22,0,9.4,5.5,2.1,4.3,6.0,4,47,2,3.958333333333333,2.35,2.2111111111111112
461,26,2,7.4,2.7,4.0,7.0,2.7,6,52,0,3.601851851851852,2.6,2.1907407407407407
462,26,1,6.7,3.3,0.8,8.1,4.0,3,60,3,2.3055555555555554,3.0,3.3296296296296295
463,22,2,1.4,1.5,1.0,8.3,7.8,7,86,-1,0.9074074074074074,4.3,3.2888888888888888
464,17,0,9.1,4.5,0.5,6.3,9.4,6,67,0,2.9583333333333335,3.35,3.074074074074074
465,20,2,9.2,0.5,3.7,7.9,8.6,9,74,-3,3.1990740740740735,3.7,2.9185185185185185
466,26,2,8.0,5.2,3.1,8.7,5.6,5,62,1,4.032407407407407,3.1,3.4259259259259256
467,22,2,1.1,5.0,3.3,5.4,4.1,4,85,2,2.7824074074074074,4.25,2.261111111111111
468,22,2,1.5,1.3,3.6,6.0,3.3,3,54,3,1.953703703703704,2.7,2.512962962962963
469,27,1,3.0,4.9,2.1,8.7,1.2,10,41,-4,2.606481481481482,2.05,1.7666666666666664
470,28,1,2.2,4.7,1.8,5.7,1.1,1,90,5,2.2777777777777777,4.5,2.416666666666667
471,21,0,4.6,3.8,1.3,8.6,6.9,3,51,3,2.2638888888888884,2.55,3.979629629629629
472,17,1,9.3,2.2,2.4,8.9,2.6,3,96,3,3.1481481481481484,4.8,3.362962962962963
473,24,1,5.2,1.6,1.8,7.3,2.5,7,91,-1,1.972222222222222,4.55,2.072222222222222
474,21,0,1.1,1.4,1.8,8.1,10.0,7,75,-1,1.1574074074074074,3.75,3.5888888888888886
475,28,1,3.5,1.9,3.7,7.7,1.9,1,42,5,2.532407407407407,2.1,3.216666666666667
476,28,1,1.4,5.4,3.9,7.5,1.5,3,44,3,3.1990740740740735,2.2,2.7129629629629632
477,28,0,1.3,0.5,3.2,5.5,1.0,8,42,-2,1.527777777777778,2.1,1.037037037037037
478,21,0,3.5,5.0,3.0,4.3,5.8,9,96,-3,3.1018518518518516,4.8,1.2518518518518518
479,23,0,3.5,2.1,2.7,5.7,6.3,7,86,-1,2.1712962962962963,4.3,2.172222222222222
480,20,2,8.1,3.1,0.7,7.3,3.7,7,58,-1,2.4675925925925926,2.9,2.2722222222222217
481,22,2,9.8,4.8,0.2,4.5,5.4,8,41,-2,3.0462962962962963,2.05,1.437037037037037
482,29,0,4.3,5.3,2.8,4.1,7.9,6,83,0,3.25,4.15,2.0907407407407406
483,20,0,4.9,2.1,2.9,4.7,8.2,3,76,3,2.513888888888889,3.8,2.8962962962962964
484,19,0,8.6,2.8,0.2,7.6,9.6,1,93,5,2.2685185185185186,4.65,4.466666666666666
485,23,2,3.4,2.5,3.7,8.9,8.2,7,56,-1,2.6805555555555554,2.8,3.555555555555556
486,24,2,2.4,0.1,0.4,8.9,5.6,1,53,5,0.4537037037037037,2.65,4.233333333333333
487,20,1,8.7,1.8,1.1,6.5,1.8,1,67,5,2.384259259259259,3.35,2.8
488,29,1,1.4,2.8,2.7,8.3,1.0,9,66,-3,1.9768518518518519,3.3,1.7851851851851852
489,18,0,6.6,2.5,0.7,7.7,0.5,10,93,-4,2.0231481481481484,4.65,1.3166666666666669
490,28,2,6.1,4.3,0.2,6.5,6.7,7,49,-1,2.2222222222222223,2.45,2.5055555555555555
491,26,2,4.1,2.3,1.3,6.9,8.1,4,42,2,1.7546296296296293,2.1,3.427777777777778
492,19,2,3.8,2.9,3.1,4.7,5.1,6,75,0,2.6157407407407414,3.75,1.8240740740740744
493,17,0,7.9,2.6,1.7,8.7,0.5,1,77,5,2.708333333333334,3.85,3.316666666666666
494,24,1,1.8,4.4,2.6,5.8,5.4,7,95,-1,2.4537037037037037,4.75,2.055555555555556
495,19,0,3.1,5.2,2.3,6.2,9.4,6,64,0,2.791666666666667,3.2,3.040740740740741
496,28,1,7.6,3.2,0.1,7.4,6.0,4,61,2,2.1527777777777777,3.05,3.244444444444445
497,26,1,5.9,4.7,4.0,5.7,8.1,7,87,-1,3.87962962962963,4.35,2.472222222222222
498,23,0,2.2,1.8,0.2,5.3,8.0,3,78,3,0.8055555555555556,3.9,3.062962962962963
499,26,1,8.9,3.2,3.9,7.2,9.3,1,86,5,3.976851851851852,4.3,4.283333333333334
500,21,1,4.5,2.1,2.2,4.1,7.7,4,69,2,2.1481481481481484,3.45,2.4277777777777776
501,26,2,8.5,2.5,3.9,7.6,7.5,3,60,3,3.7083333333333335,3.0,3.7462962962962965
502,21,1,8.1,4.4,0.5,6.6,2.3,1,69,5,2.7453703703703702,3.45,2.916666666666667
503,23,0,6.6,5.3,2.0,7.0,0.6,2,67,4,3.3425925925925926,3.35,2.5814814814814815
504,25,0,5.5,0.7,0.7,7.2,5.2,5,70,1,1.3194444444444444,3.5,2.8592592592592596
505,28,1,9.8,3.8,0.2,6.6,1.2,8,96,-2,2.7685185185185186,4.8,1.437037037037037
506,21,2,2.3,3.5,2.5,6.9,9.6,1,91,5,2.2546296296296298,4.55,4.233333333333333
507,17,2,7.5,0.7,0.8,7.4,2.9,4,65,2,1.7314814814814816,3.25,2.727777777777778
508,26,1,2.7,1.3,2.4,7.8,8.5,4,82,2,1.675925925925926,4.1,3.7944444444444443
509,26,1,4.0,1.9,0.4,7.6,3.9,5,61,1,1.2499999999999998,3.05,2.7759259259259257
510,17,0,3.8,1.0,1.3,8.3,3.2,7,60,-1,1.337962962962963,3.0,2.522222222222222
511,18,1,9.5,1.5,3.1,4.9,9.4,8,40,-2,3.282407407407408,2.0,2.2370370370370374
512,22,2,9.7,1.6,1.7,6.0,3.6,6,76,0,2.7638888888888884,3.8,2.0074074074074075
513,25,1,2.6,2.0,2.5,8.7,3.9,1,52,5,1.8935185185185186,2.6,3.8833333333333337
514,24,0,1.2,4.5,2.6,6.0,1.1,7,60,-1,2.3703703703703702,3.0,1.4055555555555554
515,29,0,7.5,3.4,3.4,4.6,6.7,3,85,3,3.5648148148148144,4.25,2.612962962962963
516,21,0,4.8,5.9,1.3,6.6,2.9,6,48,0,2.884259259259259,2.4,2.0907407407407406
517,17,0,1.8,2.5,2.7,4.5,5.9,8,56,-2,1.9675925925925928,2.8,1.5203703703703706
518,29,0,7.2,4.5,3.8,5.0,5.9,7,86,-1,3.9814814814814814,4.3,1.872222222222222
519,23,1,5.9,5.2,2.9,9.0,7.2,10,60,-4,3.560185185185185,3.0,2.8666666666666667
520,21,1,9.8,4.1,2.0,6.7,7.5,6,70,0,3.6018518518518516,3.5,2.890740740740741
521,22,1,3.0,2.5,2.5,5.4,5.1,9,78,-3,2.1064814814814814,3.9,1.501851851851852
522,29,1,4.6,4.5,3.0,9.0,3.3,9,98,-3,3.1666666666666665,4.9,2.401851851851852
523,23,0,5.9,1.2,2.4,8.8,8.4,1,93,5,2.240740740740741,4.65,4.666666666666667
524,19,2,8.1,2.0,0.1,6.2,3.1,1,61,5,1.9120370370370368,3.05,2.916666666666667
525,28,1,5.9,3.3,0.8,5.3,5.1,1,51,5,2.1574074074074074,2.55,2.9499999999999997
526,26,2,6.5,3.5,3.2,8.2,4.0,8,94,-2,3.3240740740740744,4.7,2.4370370370370367
527,19,1,3.0,0.1,1.1,7.6,8.6,10,45,-4,0.8564814814814814,2.25,2.6333333333333337
528,21,1,8.6,5.7,2.9,7.4,4.3,7,92,-1,4.199074074074074,4.6,2.4055555555555554
529,22,2,4.9,4.2,1.5,8.5,3.9,3,55,3,2.513888888888889,2.75,3.446296296296296
530,25,0,2.3,3.0,2.1,7.4,6.9,2,65,4,1.949074074074074,3.25,3.7648148148148146
531,29,1,7.0,5.6,0.3,5.4,6.0,4,44,2,2.791666666666666,2.2,2.5777777777777784
532,28,1,2.9,2.6,0.7,7.5,1.1,3,48,3,1.3657407407407407,2.4,2.646296296296296
533,21,1,1.9,5.9,3.8,5.5,5.1,7,85,-1,3.3888888888888884,4.25,1.9055555555555557
534,17,2,8.8,3.1,3.6,7.8,7.4,10,79,-4,3.8055555555555554,3.95,2.5
535,20,0,5.1,0.7,2.6,7.1,9.9,8,53,-2,2.037037037037037,2.65,3.0537037037037034
536,21,2,7.7,4.6,1.8,4.4,6.3,6,83,0,3.268518518518518,4.15,1.9240740740740745
537,28,2,3.6,4.1,2.7,6.6,3.7,3,81,3,2.7453703703703702,4.05,2.7796296296296297
538,26,0,8.1,4.6,2.5,5.7,2.3,6,69,0,3.6342592592592586,3.45,1.6907407407407407
539,26,2,2.0,5.7,2.3,5.6,8.7,2,91,4,2.726851851851852,4.55,3.4648148148148143
540,21,0,4.2,4.7,0.2,7.0,8.1,7,91,-1,1.9814814814814816,4.55,2.905555555555555
541,23,1,9.8,3.7,2.5,5.6,2.3,10,65,-4,3.699074074074074,3.25,0.9166666666666666
542,20,0,8.1,5.1,3.1,7.9,2.0,7,92,-1,4.023148148148148,4.6,2.1888888888888887
543,17,1,5.5,4.0,4.0,4.4,7.2,4,84,2,3.611111111111111,4.2,2.4444444444444446
544,21,2,4.1,2.4,0.0,7.3,3.1,8,68,-2,1.2407407407407405,3.4,1.987037037037037
545,23,2,8.8,5.3,2.9,8.0,3.1,4,58,2,4.125,2.9,2.9611111111111117
546,26,1,5.9,1.3,2.3,7.4,1.5,7,86,-1,2.226851851851852,4.3,1.9388888888888889
547,26,2,7.8,4.3,1.7,6.5,2.6,4,47,2,3.162037037037037,2.35,2.3777777777777778
548,22,0,7.8,5.3,0.5,8.8,4.3,5,62,1,2.9398148148148144,3.1,3.242592592592593
549,21,1,1.2,4.4,1.6,5.5,7.3,7,92,-1,1.9259259259259263,4.6,2.272222222222222
550,20,2,2.1,4.2,1.4,4.1,3.4,10,81,-4,1.953703703703704,4.05,0.5999999999999998
551,18,1,6.9,4.5,1.2,6.2,3.3,3,74,3,2.8425925925925926,3.7,2.5796296296296295
552,20,0,2.5,2.8,2.9,4.2,2.8,10,70,-4,2.263888888888889,3.5,0.5333333333333333
553,26,0,3.3,5.2,2.8,8.8,4.8,5,92,1,3.037037037037037,4.6,3.325925925925926
554,26,2,9.5,1.2,2.4,5.0,1.8,3,74,3,2.9074074074074074,3.7,1.9296296296296298
555,19,0,6.0,0.8,3.8,7.9,4.9,5,71,1,2.7314814814814814,3.55,3.0425925925925927
556,26,1,7.8,1.7,1.4,7.9,7.0,3,97,3,2.314814814814815,4.85,3.762962962962963
557,17,0,6.0,3.2,1.0,5.1,0.3,10,44,-4,2.231481481481482,2.2,0.4166666666666665
558,24,1,6.0,3.1,2.6,7.1,0.1,7,55,-1,2.8703703703703702,2.75,1.6055555555555554
559,21,1,1.8,4.9,0.8,4.2,0.8,1,56,5,1.8425925925925926,2.8,1.8666666666666667
560,29,0,4.1,2.4,1.3,6.4,5.4,9,71,-3,1.7824074074074072,3.55,1.8851851851851853
561,20,2,3.5,2.9,0.9,4.1,8.5,9,77,-3,1.6435185185185184,3.85,1.635185185185185
562,24,0,4.5,0.1,0.3,8.6,0.0,5,97,1,0.8009259259259259,4.85,2.4592592592592593
563,23,1,8.2,2.5,3.3,8.9,9.4,9,71,-3,3.4027777777777772,3.55,3.385185185185185
564,18,1,4.3,3.9,1.0,5.1,1.1,10,91,-4,2.111111111111111,4.55,0.5499999999999999
565,17,0,5.1,0.1,1.9,5.0,8.4,6,59,0,1.5787037037037035,2.95,2.474074074074074
566,28,2,4.6,1.7,0.2,7.8,4.8,5,87,1,1.2222222222222223,4.35,2.992592592592593
567,27,2,1.8,1.2,2.8,5.3,6.6,3,95,3,1.648148148148148,4.75,2.829629629629629
568,20,1,5.0,0.3,1.3,8.5,5.1,8,41,-2,1.3657407407407407,2.05,2.7203703703703708
569,24,1,2.8,2.9,3.0,6.9,4.8,4,59,2,2.388888888888889,2.95,2.8777777777777773
570,28,2,2.7,1.1,1.6,5.8,8.3,10,86,-4,1.2870370370370372,4.3,1.9833333333333334
571,18,0,1.8,4.5,0.8,8.2,7.6,3,57,3,1.7314814814814816,2.85,3.9629629629629632
572,19,1,4.2,5.1,2.1,6.5,4.8,6,40,0,2.884259259259259,2.0,2.3740740740740742
573,28,1,7.8,3.3,0.5,8.6,1.1,8,97,-2,2.384259259259259,4.85,2.087037037037037
574,17,2,3.5,5.9,1.8,8.6,1.2,9,68,-3,2.8518518518518516,3.4,1.9185185185185185
575,17,0,3.8,2.7,1.3,4.8,8.0,6,68,0,1.810185185185185,3.4,2.3407407407407406
576,29,2,6.8,3.1,3.6,4.0,5.3,5,58,1,3.435185185185185,2.9,1.8092592592592593
577,19,0,2.8,5.9,0.2,8.9,4.8,2,83,4,2.055555555555556,4.15,3.914814814814815
578,27,0,9.1,1.4,2.8,8.5,6.8,2,79,4,3.0555555555555554,3.95,4.114814814814815
579,21,0,5.7,5.7,0.7,4.3,8.6,9,45,-3,2.7453703703703707,2.25,1.7185185185185183
580,28,1,5.0,0.3,1.3,8.2,6.3,2,83,4,1.3657407407407407,4.15,3.9314814814814807
581,19,2,6.0,2.7,1.7,6.3,7.6,2,78,4,2.3842592592592595,3.9,3.514814814814815
582,17,2,2.5,0.4,3.6,5.3,7.7,3,89,3,1.8888888888888888,4.45,3.0129629629629635
583,17,0,6.5,4.4,1.0,8.4,3.6,3,93,3,2.657407407407408,4.65,3.362962962962963
584,24,1,4.3,3.7,0.4,5.0,2.7,4,85,2,1.8055555555555558,4.25,1.8944444444444444
585,26,1,9.1,4.2,1.3,8.7,8.0,7,47,-1,3.2083333333333335,2.35,3.4555555555555557
586,27,2,2.5,2.2,0.4,5.0,3.8,9,63,-3,1.0555555555555556,3.15,1.1518518518518521
587,28,1,5.6,2.2,0.5,7.1,9.0,2,59,4,1.6712962962962963,2.95,4.014814814814815
588,29,1,6.4,0.3,2.3,5.1,0.7,4,93,2,2.041666666666667,4.65,1.594444444444444
589,29,0,1.3,2.1,0.2,6.7,0.6,9,53,-3,0.7222222222222223,2.65,1.1851851851851853
590,28,1,4.3,5.6,0.1,7.4,9.3,2,44,4,2.208333333333333,2.2,4.1648148148148145
591,18,0,7.6,2.3,2.9,5.0,6.5,10,80,-4,3.0694444444444446,4.0,1.416666666666667
592,29,2,8.4,5.0,1.4,6.6,3.8,1,79,5,3.3425925925925926,3.95,3.1666666666666665
593,19,1,3.8,5.1,0.5,6.3,7.6,10,73,-4,2.143518518518518,3.65,2.033333333333333
594,18,2,8.2,2.2,1.0,4.4,6.7,8,99,-2,2.3611111111111107,4.95,1.6203703703703707
595,19,2,9.7,3.8,2.6,8.1,5.3,9,55,-3,3.75,2.75,2.4351851851851856
596,23,1,8.7,0.6,1.1,5.7,1.0,7,84,-1,2.050925925925926,4.2,1.2888888888888892
597,17,1,2.1,0.6,2.0,6.9,8.1,8,46,-2,1.2037037037037037,2.3,2.687037037037037
598,26,2,7.7,0.3,0.5,6.6,8.7,4,55,2,1.5324074074074077,2.75,3.4277777777777767
599,24,1,3.9,3.5,2.4,6.6,1.7,4,46,2,2.5092592592592595,2.3,2.2611111111111106
600,29,0,9.9,2.6,1.3,4.5,8.5,2,66,4,2.9120370370370368,3.3,3.064814814814815
601,26,0,5.4,3.3,2.5,6.1,8.8,8,53,-2,2.773148148148148,2.65,2.537037037037037
602,26,1,2.1,3.1,3.2,6.3,5.5,2,53,4,2.3981481481481484,2.65,3.1648148148148145
603,26,2,7.5,2.1,2.4,7.7,6.6,9,83,-3,2.7870370370370368,4.15,2.518518518518518
604,18,1,3.9,4.1,1.2,8.2,3.8,4,72,2,2.175925925925926,3.6,3.1444444444444435
605,19,1,10.0,4.6,1.0,6.7,2.8,1,72,5,3.3611111111111107,3.6,3.033333333333333
606,25,2,9.8,0.1,1.3,4.4,7.2,4,83,2,2.1990740740740744,4.15,2.4444444444444446
607,23,2,6.9,1.2,0.7,5.2,8.6,3,59,3,1.7175925925925926,2.95,3.1296296296296293
608,20,0,2.2,4.3,0.7,4.8,6.5,6,92,0,1.7083333333333337,4.6,2.090740740740741
609,26,2,7.2,2.3,3.2,4.6,5.1,7,86,-1,3.1203703703703707,4.3,1.6055555555555554
610,21,0,1.8,4.0,1.5,5.8,1.6,8,75,-2,1.884259259259259,3.75,1.237037037037037
611,18,2,1.3,2.1,1.7,5.1,0.5,2,46,4,1.347222222222222,2.3,1.9314814814814816
612,29,1,8.4,2.3,2.4,5.1,4.5,6,71,0,3.00925925925926,3.55,1.8574074074074074
613,27,0,2.9,1.0,2.4,4.3,0.5,6,87,0,1.6296296296296295,4.35,0.9240740740740739
614,29,0,4.4,1.5,0.3,4.1,5.7,10,42,-4,1.1712962962962963,2.1,0.9833333333333333
615,24,0,9.8,3.6,3.3,4.5,3.8,5,78,1,4.00462962962963,3.9,1.725925925925926
616,20,1,4.0,2.6,0.7,4.9,7.6,10,68,-4,1.5694444444444444,3.4,1.5666666666666669
617,25,1,3.7,4.6,2.9,6.2,3.1,10,63,-4,2.986111111111111,3.15,1.25
618,21,1,9.3,5.1,3.1,6.6,5.9,7,61,-1,4.24537037037037,3.05,2.405555555555555
619,29,1,2.0,3.2,2.9,4.7,5.4,3,45,3,2.2824074074074074,2.25,2.4296296296296296
620,25,1,7.8,4.5,2.3,6.1,0.0,4,87,2,3.4675925925925926,4.35,1.811111111111111
621,20,0,9.9,1.8,0.1,5.7,0.7,10,63,-4,2.189814814814815,3.15,0.6833333333333335
622,26,1,9.1,2.5,1.4,4.9,2.9,9,79,-3,2.7777777777777772,3.95,0.9685185185185186
623,21,0,6.9,4.3,2.4,4.0,8.8,4,62,2,3.287037037037037,3.1,2.5777777777777784
624,25,1,3.8,2.3,1.5,6.3,1.5,3,93,3,1.7824074074074072,4.65,2.312962962962963
625,24,2,3.3,3.5,3.5,7.4,7.1,2,77,4,2.8564814814814814,3.85,3.7981481481481483
626,19,0,8.4,1.1,1.2,5.1,9.7,5,49,1,2.175925925925926,2.45,2.909259259259259
627,17,2,8.9,3.6,1.2,4.7,7.9,4,55,2,2.9629629629629632,2.75,2.6611111111111114
628,19,0,5.7,5.2,1.1,8.4,2.4,8,50,-2,2.773148148148148,2.5,2.2370370370370374
629,20,2,3.2,5.2,1.3,5.4,9.1,7,71,-1,2.3935185185185186,3.55,2.5388888888888888
630,18,1,2.0,4.3,2.2,5.1,0.9,6,84,0,2.2962962962962963,4.2,1.2574074074074073
631,17,1,1.8,4.5,2.8,8.3,4.7,2,45,4,2.564814814814815,2.25,3.698148148148148
632,23,1,7.5,3.3,2.7,8.1,8.9,3,63,3,3.2453703703703702,3.15,4.146296296296296
633,24,0,4.8,3.5,3.2,6.2,6.4,10,72,-4,3.0092592592592595,3.6,1.8000000000000003
634,23,2,9.1,0.8,3.5,6.4,4.1,9,92,-3,3.1805555555555554,4.6,1.668518518518519
635,21,1,7.7,2.7,3.3,5.1,2.9,9,90,-3,3.365740740740741,4.5,1.035185185185185
636,28,2,2.7,2.7,0.1,4.4,3.8,5,51,1,1.1064814814814816,2.55,1.692592592592593
637,17,2,6.5,5.8,2.9,6.9,5.1,3,95,3,3.8379629629629637,4.75,3.1129629629629636
638,23,1,4.9,2.6,0.8,4.5,3.2,2,66,4,1.777777777777778,3.3,2.181481481481481
639,29,1,6.2,3.3,0.5,6.2,9.7,8,77,-2,2.087962962962963,3.85,2.7203703703703708
640,23,2,7.6,3.2,2.6,8.7,9.3,6,57,0,3.194444444444444,2.85,3.857407407407407
641,25,1,8.3,3.8,1.3,8.8,8.7,10,84,-4,2.9490740740740744,4.2,3.05
642,19,1,8.6,4.5,0.2,5.2,4.2,7,78,-1,2.740740740740741,3.9,1.6555555555555557
643,25,1,3.3,1.4,0.6,7.1,6.9,1,94,5,1.0648148148148147,4.7,3.85
644,17,0,1.3,3.2,0.0,6.4,9.0,1,52,5,0.9444444444444444,2.6,3.966666666666667
645,17,2,7.7,5.0,3.6,8.4,8.5,10,92,-4,4.12962962962963,4.6,2.8833333333333333
646,20,2,2.0,2.8,0.1,5.4,4.1,2,79,4,1.0046296296296295,3.95,2.6314814814814813
647,25,0,3.8,1.7,0.8,4.0,1.1,10,69,-4,1.3240740740740742,3.45,0.18333333333333338
648,22,2,1.0,3.9,1.7,4.8,0.8,3,92,3,1.7916666666666667,4.6,1.6962962962962966
649,29,1,7.1,4.9,1.4,5.7,5.8,1,88,5,3.074074074074074,4.4,3.2
650,27,2,2.5,0.4,3.6,5.6,6.4,5,80,1,1.8888888888888888,4.0,2.525925925925926
651,19,1,6.9,4.7,0.2,8.0,8.5,3,91,3,2.4814814814814814,4.55,4.046296296296296
652,17,0,9.9,4.9,2.0,7.4,2.9,1,52,5,3.842592592592593,2.6,3.283333333333333
653,20,1,1.7,2.8,2.7,5.5,1.7,8,73,-2,2.0324074074074074,3.65,1.1537037037037037
654,28,2,1.7,5.9,3.7,6.3,3.8,6,75,0,3.3101851851851856,3.75,2.140740740740741
655,29,2,4.1,4.7,2.5,4.5,3.5,9,69,-3,2.9212962962962963,3.45,0.9351851851851851
656,25,2,8.8,4.6,3.2,8.5,1.3,3,64,3,4.055555555555556,3.2,3.0129629629629635
657,19,0,2.9,4.5,0.3,8.7,6.7,9,41,-3,1.7268518518518519,2.05,2.8685185185185187
658,28,0,4.2,0.9,1.5,8.9,5.1,9,75,-3,1.4675925925925926,3.75,2.668518518518519
659,25,2,1.6,1.3,1.5,8.3,7.2,1,57,5,1.0972222222222223,2.85,4.3
660,23,1,7.9,2.8,3.5,4.9,3.5,3,44,3,3.5138888888888893,2.2,2.17962962962963
661,28,0,4.7,1.6,0.6,4.2,3.3,6,58,0,1.3796296296296298,2.9,1.3574074074074074
662,20,2,7.8,2.5,0.6,6.9,4.7,8,81,-2,2.2037037037037037,4.05,2.1203703703703702
663,19,2,9.1,5.3,1.3,8.6,8.8,4,57,2,3.5138888888888893,2.85,4.111111111111112
664,26,0,3.1,4.9,0.2,4.9,0.4,5,96,1,1.8333333333333335,4.8,1.2925925925925927
665,21,0,8.3,3.8,0.7,4.0,8.0,9,71,-3,2.6990740740740744,3.55,1.5185185185185188
666,21,0,1.5,5.1,3.9,8.0,3.7,6,60,0,3.1342592592592595,3.0,2.6907407407407407
667,19,1,9.1,4.7,1.7,4.4,8.5,7,49,-1,3.513888888888888,2.45,2.1055555555555556
668,28,1,6.9,2.6,2.5,6.1,8.0,7,76,-1,2.8564814814814814,3.8,2.588888888888889
669,25,2,8.9,1.2,2.9,7.4,3.5,4,88,2,3.0046296296296293,4.4,2.827777777777778
670,20,0,1.0,3.1,1.5,5.2,6.9,4,61,2,1.4861111111111112,3.05,2.6611111111111114
671,27,1,2.5,4.4,0.6,4.4,1.6,4,52,2,1.7500000000000002,2.6,1.511111111111111
672,21,0,4.5,2.6,0.8,7.9,9.0,5,94,1,1.7037037037037037,4.7,3.7259259259259263
673,20,2,4.4,4.0,1.3,7.2,4.0,5,56,1,2.2824074074074074,2.8,2.6592592592592594
674,21,1,3.0,0.6,2.5,8.9,4.6,8,48,-2,1.5787037037037035,2.4,2.77037037037037
675,23,1,4.4,4.5,1.6,5.7,7.1,9,63,-3,2.546296296296296,3.15,1.9351851851851853
676,25,1,2.2,4.9,0.0,4.3,8.2,2,83,4,1.5833333333333335,4.15,2.948148148148148
677,23,2,4.7,4.2,2.1,7.7,2.4,7,53,-1,2.726851851851852,2.65,2.1888888888888887
678,29,0,8.2,5.8,3.7,6.6,6.6,1,85,5,4.486111111111111,4.25,3.633333333333333
679,21,1,5.3,5.0,3.2,5.1,3.9,1,47,5,3.5185185185185186,2.35,2.683333333333333
680,26,2,1.2,5.4,3.3,7.9,3.7,4,94,2,2.9120370370370368,4.7,3.0277777777777777
681,26,0,4.8,5.6,3.2,5.0,6.9,10,76,-4,3.592592592592592,3.8,1.4833333333333334
682,23,2,1.2,4.8,1.3,5.3,3.9,7,58,-1,1.9120370370370368,2.9,1.6388888888888886
683,26,0,9.7,4.0,3.1,4.5,3.5,2,67,4,4.013888888888888,3.35,2.2314814814814814
684,21,2,2.1,0.0,0.6,6.0,8.4,2,85,4,0.4537037037037037,4.25,3.5481481481481487
685,19,0,7.4,2.8,2.6,6.1,1.0,1,80,5,3.0462962962962963,4.0,2.5333333333333337
686,23,1,9.8,3.4,2.6,6.6,6.8,10,69,-4,3.6574074074074074,3.45,1.9999999999999996
687,29,0,8.4,1.8,0.1,7.5,2.5,2,46,4,1.9120370370370368,2.3,3.064814814814815
688,27,2,7.3,1.9,3.2,8.5,0.2,7,98,-1,3.0277777777777777,4.9,2.088888888888889
689,27,2,8.6,5.8,3.6,4.7,1.7,9,97,-3,4.518518518518519,4.85,0.701851851851852
690,18,0,9.8,5.4,1.1,4.3,6.1,6,65,0,3.587962962962963,3.25,1.8574074074074074
691,28,1,6.6,5.1,3.2,4.1,7.1,10,79,-4,3.787037037037037,3.95,1.2166666666666663
692,25,1,6.0,2.4,0.3,4.7,0.2,2,85,4,1.7175925925925926,4.25,1.7481481481481485
693,26,0,6.7,0.1,2.4,7.3,0.4,10,93,-4,2.0833333333333335,4.65,1.1666666666666665
694,26,0,5.8,0.5,1.9,7.6,9.0,10,99,-4,1.8194444444444446,4.95,2.7
695,28,2,6.7,1.9,2.2,7.9,0.7,9,85,-3,2.5,4.25,1.6018518518518519
696,17,1,5.0,0.1,3.7,5.2,8.9,7,50,-1,2.310185185185185,2.5,2.438888888888889
697,29,0,3.0,0.1,3.5,5.5,2.3,1,53,5,1.8564814814814814,2.65,2.55
698,22,1,2.1,5.5,3.1,6.4,7.4,9,60,-3,3.0231481481481475,3.0,2.218518518518519
699,23,0,1.6,4.2,1.1,4.3,3.1,2,47,4,1.7361111111111114,2.35,2.098148148148148
700,29,0,3.4,1.9,3.6,7.1,8.6,4,42,2,2.4722222222222223,2.1,3.5777777777777775
701,24,1,1.4,0.8,0.4,8.9,7.0,9,67,-3,0.462962962962963,3.35,2.985185185185186
702,26,0,6.1,3.1,3.4,5.8,4.0,4,68,2,3.2222222222222223,3.4,2.3777777777777778
703,25,0,3.6,0.0,1.3,7.8,0.8,3,62,3,1.0231481481481481,3.1,2.696296296296296
704,18,2,8.4,5.6,0.2,6.5,7.3,1,57,5,3.0092592592592595,2.85,3.7166666666666663
705,27,0,1.7,2.5,2.7,4.6,6.2,7,74,-1,1.9490740740740742,3.7,1.7888888888888888
706,26,0,3.0,2.4,0.9,6.9,0.0,6,52,0,1.412037037037037,2.6,1.7074074074074075
707,18,0,7.6,2.3,1.0,5.5,0.1,10,51,-4,2.2777777777777777,2.55,0.5166666666666666
708,21,2,6.4,0.4,1.2,4.2,8.1,4,86,2,1.6111111111111112,4.3,2.5277777777777777
709,29,1,1.6,3.8,0.3,7.2,2.6,6,89,0,1.2916666666666665,4.45,2.240740740740741
710,21,2,8.9,4.4,0.7,8.3,6.4,6,44,0,2.976851851851852,2.2,3.2407407407407405
711,22,2,8.9,4.1,0.0,5.7,4.5,4,78,2,2.601851851851851,3.9,2.4277777777777776
712,19,1,4.0,0.8,1.8,6.0,8.6,6,50,0,1.527777777777778,2.5,2.840740740740741
713,24,2,4.1,3.5,0.3,8.5,9.2,10,97,-4,1.6712962962962963,4.85,3.0333333333333328
714,29,1,9.9,3.4,2.7,8.1,10.0,8,98,-2,3.717592592592593,4.9,3.403703703703704
715,17,2,6.6,5.2,0.9,7.6,1.5,3,50,3,2.8564814814814814,2.5,2.746296296296296
716,22,1,5.8,2.3,3.8,5.2,8.6,4,98,2,3.111111111111111,4.9,2.9444444444444446
717,20,0,8.5,2.2,3.5,8.6,2.7,10,86,-4,3.458333333333334,4.3,1.9833333333333334
718,17,2,3.6,3.7,1.2,4.8,5.9,1,81,5,2.0092592592592595,4.05,2.916666666666667
719,23,2,4.9,3.8,3.1,7.1,5.1,4,86,2,3.0694444444444446,4.3,2.994444444444444
720,25,2,3.4,2.8,3.2,4.1,0.2,10,70,-4,2.5555555555555554,3.5,0.06666666666666654
721,29,2,8.1,2.7,3.9,7.2,9.3,10,70,-4,3.6898148148148153,3.5,2.6166666666666667
722,20,0,6.2,3.0,2.4,5.4,0.8,9,52,-3,2.7962962962962967,2.6,0.7851851851851853
723,20,2,6.9,5.2,0.3,6.2,6.9,8,53,-2,2.6620370370370368,2.65,2.2537037037037035
724,22,0,3.3,2.8,2.6,5.7,7.9,4,88,2,2.287037037037037,4.4,2.9944444444444445
725,28,0,3.0,5.6,2.5,4.9,8.0,7,84,-1,2.967592592592592,4.2,2.188888888888889
726,19,0,5.4,3.0,2.6,7.1,1.4,10,81,-4,2.7314814814814814,4.05,1.2666666666666666
727,29,0,7.6,5.7,1.2,8.4,4.5,3,64,3,3.3055555555555554,3.2,3.5129629629629626
728,28,1,5.7,5.0,3.4,8.8,8.3,9,72,-3,3.6759259259259265,3.6,3.168518518518519
729,22,1,1.3,2.2,3.8,5.0,3.0,10,72,-4,2.25,3.6,0.8333333333333333
730,23,2,8.8,5.2,0.9,7.6,4.7,4,54,2,3.263888888888889,2.7,3.094444444444444
731,27,1,1.6,0.7,0.4,7.3,2.7,2,55,4,0.4722222222222222,2.75,3.031481481481481
732,26,1,9.6,5.6,0.8,5.7,4.6,10,83,-4,3.4814814814814814,4.15,1.3333333333333333
733,26,2,1.2,3.8,3.3,4.1,8.9,5,97,1,2.4675925925925926,4.85,2.4425925925925926
734,19,2,7.3,0.3,2.7,7.4,4.6,2,95,4,2.375,4.75,3.3814814814814813
735,23,2,1.7,3.9,2.5,8.7,5.6,10,77,-4,2.2546296296296298,3.85,2.4999999999999996
736,19,1,9.2,5.8,1.6,7.2,4.0,6,45,0,3.796296296296296,2.25,2.474074074074074
737,29,1,5.2,0.4,2.3,6.2,4.6,10,83,-4,1.8472222222222223,4.15,1.5
738,29,2,2.2,3.3,1.2,6.6,0.2,1,64,5,1.6388888888888888,3.2,2.5666666666666664
739,18,0,4.1,4.5,1.9,5.0,2.8,6,54,0,2.61574074074074,2.7,1.5407407407407405
740,28,2,2.5,4.9,3.2,7.8,4.4,4,43,2,2.9722222222222223,2.15,3.111111111111111
741,26,0,2.5,2.5,3.9,7.7,6.3,3,95,3,2.5972222222222223,4.75,3.57962962962963
742,20,0,9.5,1.2,3.7,4.7,4.5,2,43,4,3.4490740740740744,2.15,2.464814814814815
743,28,2,5.0,0.3,3.7,8.4,3.4,7,69,-1,2.365740740740741,3.45,2.588888888888889
744,24,2,8.1,3.5,1.6,5.3,3.9,9,73,-3,2.9537037037037033,3.65,1.2685185185185186
745,29,2,6.8,2.7,1.9,8.9,2.4,3,66,3,2.61574074074074,3.3,3.3296296296296295
746,25,1,7.1,5.7,2.8,5.9,9.2,6,70,0,3.879629629629629,3.5,2.9074074074074074
747,23,0,2.2,0.4,3.7,4.9,5.2,9,95,-3,1.875,4.75,1.3518518518518519
748,17,1,3.1,4.1,0.6,5.8,0.1,2,71,4,1.7777777777777772,3.55,2.098148148148148
749,19,1,8.1,0.1,1.2,6.2,0.2,7,83,-1,1.8425925925925926,4.15,1.3222222222222224
750,29,2,9.7,1.0,0.6,4.3,9.7,5,78,1,2.138888888888889,3.9,2.6425925925925924
751,28,1,3.4,2.7,2.4,6.9,2.2,5,91,1,2.1944444444444446,4.55,2.2592592592592595
752,25,2,3.4,2.7,1.2,7.0,8.1,7,48,-1,1.6944444444444442,2.4,2.905555555555555
753,28,0,5.3,4.1,1.3,7.7,0.6,9,80,-3,2.4768518518518516,4.0,1.5185185185185188
754,17,2,9.9,5.5,0.3,4.1,9.2,4,47,2,3.3009259259259256,2.35,2.677777777777777
755,25,1,3.4,3.8,1.4,6.7,8.7,9,53,-3,2.0833333333333335,2.65,2.535185185185185
756,24,1,4.7,5.7,3.4,4.3,5.7,10,72,-4,3.685185185185185,3.6,1.05
757,17,2,9.0,5.3,0.9,7.5,0.1,9,62,-3,3.3287037037037037,3.1,1.3685185185185187
758,22,2,1.0,3.5,2.8,4.3,2.6,4,60,2,2.138888888888889,3.0,1.6444444444444442
759,21,1,1.4,5.0,2.5,8.6,4.1,3,94,3,2.5046296296296293,4.7,3.5129629629629626
760,22,0,6.4,3.9,3.5,7.5,4.6,2,51,4,3.541666666666667,2.55,3.4148148148148145
761,26,0,9.2,0.5,0.5,6.5,3.0,9,96,-3,1.865740740740741,4.8,1.5185185185185188
762,28,2,3.1,4.4,3.9,6.2,0.3,2,41,4,3.236111111111111,2.05,2.264814814814815
763,29,0,5.2,0.6,2.3,4.7,5.9,6,52,0,1.9027777777777777,2.6,1.9574074074074077
764,29,1,5.1,3.6,4.0,5.5,5.2,5,98,1,3.4259259259259256,4.9,2.2925925925925927
765,29,2,5.3,4.2,3.6,8.3,2.8,5,43,1,3.4629629629629632,2.15,2.825925925925926
766,21,1,6.6,0.4,0.9,8.5,0.4,4,59,2,1.5231481481481481,2.95,2.677777777777778
767,22,1,5.2,1.4,0.2,4.0,9.9,6,89,0,1.25,4.45,2.390740740740741
768,21,0,5.0,5.5,1.0,7.0,4.8,5,90,1,2.6851851851851856,4.5,2.7259259259259263
769,27,2,5.3,3.7,2.1,7.6,7.6,4,87,2,2.6990740740740744,4.35,3.5777777777777775
770,28,2,6.3,1.5,0.7,7.1,4.5,9,98,-3,1.6898148148148149,4.9,1.9685185185185183
771,21,0,5.8,4.1,0.7,4.4,0.4,6,53,0,2.319444444444444,2.65,0.9407407407407409
772,20,1,8.7,3.6,1.9,5.1,3.1,10,69,-4,3.2175925925925926,3.45,0.8833333333333332
773,19,1,1.4,3.0,0.1,5.3,3.2,10,68,-4,0.949074074074074,3.4,0.9666666666666667
774,19,1,8.5,5.9,0.5,8.2,8.4,10,47,-4,3.236111111111111,2.35,2.8
775,20,1,8.6,4.1,1.7,6.3,6.5,3,51,3,3.2546296296296298,2.55,3.146296296296296
776,25,2,3.6,2.3,0.3,6.4,2.8,10,80,-4,1.2453703703703705,4.0,1.2666666666666668
777,18,2,5.2,4.8,1.6,8.7,9.7,6,77,0,2.7777777777777772,3.85,3.924074074074073
778,25,0,4.9,5.3,1.9,7.2,3.2,1,65,5,2.986111111111111,3.25,3.2666666666666666
779,17,0,3.0,0.8,1.8,8.5,10.0,5,89,1,1.3425925925925928,4.45,4.092592592592593
780,17,2,4.6,1.2,3.5,6.3,10.0,10,41,-4,2.4583333333333335,2.05,2.433333333333333
781,21,2,1.4,1.3,2.1,4.7,1.9,6,94,0,1.3101851851851853,4.7,1.290740740740741
782,22,1,3.5,4.1,1.9,8.6,3.1,8,79,-2,2.393518518518518,3.95,2.4203703703703705
783,22,1,8.4,3.6,1.6,6.3,4.9,9,95,-3,3.0370370370370376,4.75,1.7685185185185184
784,19,0,3.6,3.7,3.3,4.9,6.6,3,53,3,2.884259259259259,2.65,2.696296296296296
785,23,2,8.4,5.6,3.6,5.5,5.3,2,45,4,4.425925925925926,2.25,2.864814814814815
786,25,0,5.8,4.7,3.4,4.3,9.7,4,81,2,3.611111111111111,4.05,2.827777777777778
787,27,2,8.9,0.8,2.7,6.3,7.2,8,79,-2,2.810185185185185,3.95,2.3370370370370366
788,28,1,6.2,2.1,0.5,8.3,2.1,8,70,-2,1.7546296296296295,3.5,2.1537037037037035
789,26,0,1.3,2.6,1.1,8.7,1.1,3,56,3,1.2361111111111112,2.8,3.046296296296296
790,24,0,7.1,2.4,0.2,8.7,6.9,4,64,2,1.8796296296296298,3.2,3.827777777777777
791,22,2,1.4,4.0,3.7,4.6,1.6,3,71,3,2.726851851851852,3.55,1.7629629629629628
792,28,1,5.1,5.4,2.6,5.9,7.9,10,51,-4,3.3425925925925926,2.55,1.9500000000000004
793,24,0,9.4,1.8,3.0,4.1,3.1,2,88,4,3.3055555555555554,4.4,2.031481481481481
794,28,1,2.5,3.3,1.2,8.3,3.3,4,52,2,1.6944444444444442,2.6,3.094444444444444
795,21,0,4.5,4.7,3.4,5.8,0.1,6,58,0,3.3703703703703702,2.9,1.3574074074074074
796,24,1,7.6,2.5,1.0,7.2,7.0,5,83,1,2.333333333333333,4.15,3.159259259259259
797,26,2,8.9,1.0,0.0,7.6,1.1,3,87,3,1.7407407407407407,4.35,2.6796296296296296
798,28,0,7.0,2.8,1.5,6.1,7.7,2,64,4,2.513888888888889,3.2,3.4648148148148143
799,20,0,3.3,0.3,2.3,5.5,4.9,9,70,-3,1.4675925925925926,3.5,1.501851851851852
800,26,1,7.1,5.7,1.9,8.8,7.8,1,98,5,3.5046296296296298,4.9,4.566666666666667
801,24,1,3.7,0.4,3.4,8.8,5.8,9,76,-3,2.027777777777778,3.8,2.751851851851852
802,26,0,7.5,2.6,0.4,5.4,0.8,1,64,5,2.0925925925925926,3.2,2.2666666666666666
803,28,2,9.6,3.2,2.2,6.4,7.7,7,55,-1,3.398148148148148,2.75,2.638888888888889
804,18,1,7.5,5.9,2.1,8.9,0.7,6,96,0,3.717592592592593,4.8,2.490740740740741
805,28,1,8.8,1.0,1.1,4.0,4.8,7,77,-1,2.180555555555556,3.85,1.3555555555555554
806,28,1,1.0,0.7,3.3,6.1,1.7,3,82,3,1.5694444444444444,4.1,2.2796296296296292
807,21,0,7.5,0.1,3.0,4.5,7.5,3,88,3,2.4814814814814814,4.4,2.7129629629629632
808,25,0,8.5,0.9,2.9,6.5,9.1,1,97,5,2.8472222222222228,4.85,4.016666666666667
809,20,0,1.4,1.2,3.5,4.1,5.5,4,62,2,1.865740740740741,3.1,2.061111111111111
810,27,0,8.8,3.8,2.9,6.0,5.3,2,53,4,3.7083333333333335,2.65,3.0314814814814817
811,22,2,3.3,1.3,0.9,5.1,7.6,10,45,-4,1.162037037037037,2.25,1.6333333333333333
812,17,2,7.0,0.1,2.8,6.7,0.1,8,64,-2,2.3055555555555554,3.2,1.2870370370370372
813,25,0,8.2,5.0,1.2,9.0,9.2,3,62,3,3.2222222222222223,3.1,4.496296296296296
814,17,2,7.0,2.2,1.0,8.0,2.0,7,99,-1,2.138888888888889,4.95,2.2222222222222223
815,21,1,1.8,2.1,0.3,8.2,9.8,7,82,-1,0.8564814814814815,4.1,3.5888888888888886
816,20,1,6.4,1.8,3.0,7.2,7.4,9,51,-3,2.75,2.55,2.485185185185185
817,29,1,5.9,5.9,2.8,4.2,7.7,6,52,0,3.712962962962963,2.6,2.090740740740741
818,28,0,9.1,1.0,0.9,5.0,6.6,1,75,5,2.1527777777777777,3.75,3.1
819,29,1,4.6,5.4,3.0,8.6,4.7,8,78,-2,3.416666666666666,3.9,2.6870370370370367
820,29,2,3.9,4.7,3.7,5.8,5.7,1,73,5,3.3842592592592595,3.65,3.2166666666666672
821,19,0,7.7,0.5,0.4,4.5,0.5,3,45,3,1.5462962962962965,2.25,1.5462962962962965
822,29,2,4.7,5.9,0.9,7.5,6.2,5,77,1,2.6990740740740744,3.85,3.1259259259259258
823,22,1,6.8,1.6,3.0,5.5,6.3,8,89,-2,2.7685185185185186,4.45,1.92037037037037
824,18,1,6.8,0.6,1.1,5.3,8.9,9,91,-3,1.699074074074074,4.55,2.1018518518518516
825,19,1,9.0,5.0,2.5,9.0,5.1,7,79,-1,3.912037037037037,3.95,3.0722222222222224
826,21,0,6.4,4.2,0.3,8.3,0.8,9,47,-3,2.291666666666667,2.35,1.751851851851852
827,25,2,5.5,3.7,1.8,6.0,3.1,3,47,3,2.611111111111111,2.35,2.4796296296296294
828,18,0,2.2,0.9,3.0,8.9,6.6,5,79,1,1.7222222222222219,3.95,3.65925925925926
829,26,0,2.0,2.9,2.7,7.3,2.4,10,72,-4,2.1157407407407405,3.6,1.5
830,24,1,2.4,4.7,3.3,7.7,2.8,8,73,-2,2.9398148148148144,3.65,2.0703703703703704
831,18,0,2.5,1.8,3.5,4.2,8.2,1,83,5,2.236111111111111,4.15,3.1
832,27,0,6.7,1.9,3.1,4.6,5.8,8,54,-2,2.8750000000000004,2.7,1.5370370370370368
833,29,1,7.7,0.0,2.7,7.2,5.1,7,75,-1,2.365740740740741,3.75,2.472222222222222
834,21,0,5.8,1.0,0.1,8.5,3.2,1,99,5,1.2083333333333333,4.95,3.6999999999999993
835,23,1,8.5,5.3,2.1,7.1,7.3,10,96,-4,3.736111111111111,4.8,2.25
836,24,1,9.9,2.7,0.2,4.7,2.9,10,74,-4,2.4814814814814814,3.7,0.7166666666666667
837,17,1,8.4,5.9,3.2,4.6,7.4,6,85,0,4.3425925925925934,4.25,2.174074074074074
838,22,1,7.3,2.4,1.3,8.2,0.7,1,61,5,2.3749999999999996,3.05,3.183333333333333
839,17,0,5.8,4.3,2.2,4.7,8.6,2,62,4,3.0,3.1,3.1481481481481484
840,18,1,5.0,1.7,1.1,6.6,5.0,5,79,1,1.6712962962962963,3.95,2.6259259259259258
841,17,1,1.8,2.2,3.1,4.2,4.4,2,84,4,2.050925925925926,4.2,2.281481481481481
842,27,0,4.6,1.1,3.5,4.4,6.1,10,94,-4,2.4305555555555554,4.7,1.1500000000000001
843,21,0,9.2,2.1,1.6,7.4,6.2,1,90,5,2.7685185185185186,4.5,3.833333333333333
844,26,2,8.3,3.3,3.5,7.4,1.3,6,61,0,3.7268518518518516,3.05,2.090740740740741
845,25,0,2.9,6.0,1.1,5.7,7.6,8,44,-2,2.476851851851852,2.2,2.203703703703704
846,22,0,5.2,4.0,2.1,5.1,2.8,8,70,-2,2.7638888888888884,3.5,1.2037037037037035
847,27,2,8.4,1.2,3.4,8.1,9.0,8,52,-2,3.1203703703703707,2.6,3.2370370370370365
848,27,0,1.6,0.3,1.3,5.1,8.2,6,67,0,0.7361111111111112,3.35,2.474074074074074
849,17,0,4.5,0.8,3.8,6.7,3.5,3,97,3,2.4537037037037037,4.85,2.7796296296296297
850,29,0,8.7,3.4,0.5,8.8,8.1,1,59,5,2.5787037037037037,2.95,4.616666666666667
851,17,0,4.6,4.6,0.1,4.7,3.6,2,72,4,1.9861111111111107,3.6,2.314814814814815
852,18,2,1.7,5.6,3.6,8.7,1.0,5,55,1,3.1851851851851847,2.75,2.659259259259259
853,25,0,5.9,0.1,0.3,4.9,9.6,10,68,-4,1.0601851851851853,3.4,1.9000000000000004
854,19,0,8.8,3.1,4.0,6.8,6.5,5,62,1,3.972222222222222,3.1,2.9425925925925926
855,17,2,6.3,2.8,3.8,5.9,4.6,10,63,-4,3.3425925925925926,3.15,1.4000000000000001
856,21,1,3.0,3.9,0.5,8.8,4.0,1,73,5,1.6620370370370372,3.65,3.9333333333333336
857,23,2,4.5,3.4,2.2,5.4,3.2,1,46,5,2.5092592592592595,2.3,2.6666666666666665
858,22,1,5.1,4.1,0.7,6.0,9.8,9,77,-3,2.189814814814815,3.85,2.4851851851851854
859,28,2,6.2,3.9,1.7,8.9,1.3,2,76,4,2.7546296296296298,3.8,3.3314814814814815
860,17,2,7.8,0.7,0.2,6.7,3.1,7,43,-1,1.537037037037037,2.15,1.972222222222222
861,21,0,1.9,4.8,0.9,6.5,4.9,10,73,-4,1.875,3.65,1.6500000000000001
862,21,1,9.0,0.7,1.5,5.3,4.8,4,81,2,2.300925925925926,4.05,2.3444444444444446
863,22,0,1.1,4.2,1.8,7.5,4.7,7,61,-1,1.9351851851851853,3.05,2.5055555555555555
864,19,1,4.3,2.5,3.9,4.1,1.8,8,44,-2,2.930555555555556,2.2,0.7037037037037036
865,21,2,1.2,3.1,3.2,4.2,1.4,5,89,1,2.231481481481482,4.45,1.225925925925926
866,23,2,4.5,5.4,2.9,7.0,2.5,1,81,5,3.3564814814814814,4.05,3.0833333333333335
867,21,1,5.7,5.3,2.1,5.7,9.1,4,62,2,3.2175925925925926,3.1,3.194444444444444
868,21,0,5.6,4.9,3.4,8.8,1.1,10,93,-4,3.6296296296296298,4.65,1.7833333333333337
869,21,0,2.5,3.1,1.4,8.5,7.6,3,99,3,1.7222222222222219,4.95,4.062962962962963
870,26,0,6.8,4.4,2.8,7.6,7.6,10,54,-4,3.462962962962963,2.7,2.466666666666667
871,26,0,1.4,3.1,4.0,8.1,8.1,5,70,1,2.601851851851852,3.5,3.6425925925925924
872,19,2,7.9,5.2,1.3,7.3,8.9,10,98,-4,3.263888888888889,4.9,2.583333333333333
873,17,2,9.5,2.4,2.7,4.6,2.6,10,48,-4,3.365740740740741,2.4,0.6333333333333333
874,21,2,4.1,5.8,3.4,7.8,2.2,6,82,0,3.6018518518518516,4.1,2.3740740740740742
875,25,2,5.7,5.6,3.7,5.1,4.7,2,97,4,3.9675925925925926,4.85,2.6314814814814813
876,17,2,4.4,4.4,2.9,5.6,2.7,7,92,-1,3.060185185185185,4.6,1.5388888888888888
877,19,0,1.1,1.7,1.1,8.1,7.3,3,64,3,0.949074074074074,3.2,3.879629629629629
878,29,0,4.5,0.8,1.3,6.7,6.4,1,64,5,1.4120370370370372,3.2,3.6333333333333333
879,29,0,8.1,5.1,0.1,8.3,8.7,10,88,-4,2.773148148148148,4.4,2.8833333333333333
880,20,0,6.4,1.0,3.0,5.1,0.8,3,60,3,2.5277777777777777,3.0,1.796296296296296
881,17,2,1.9,5.1,0.2,7.0,9.2,9,48,-3,1.6666666666666665,2.4,2.7185185185185183
882,17,2,8.6,2.9,3.5,4.4,2.9,10,94,-4,3.671296296296296,4.7,0.6166666666666667
883,24,2,5.8,2.4,0.5,7.2,4.9,6,87,0,1.763888888888889,4.35,2.6240740740740742
884,18,1,8.6,5.4,0.7,7.8,4.4,6,77,0,3.1990740740740744,3.85,2.740740740740741
885,28,0,6.2,3.6,1.9,6.9,7.6,4,61,2,2.7546296296296298,3.05,3.344444444444445
886,24,0,6.0,3.5,3.0,5.3,4.2,8,82,-2,3.1481481481481484,4.1,1.5037037037037035
887,23,2,1.9,3.4,0.6,4.2,9.4,5,62,1,1.361111111111111,3.1,2.5592592592592593
888,26,0,2.5,2.2,1.8,4.6,9.0,7,88,-1,1.6388888888888888,4.4,2.2555555555555555
889,26,0,9.7,4.7,1.9,7.1,8.7,9,43,-3,3.7083333333333335,2.15,2.6685185185185185
890,18,2,3.1,1.5,0.8,8.7,0.7,5,68,1,1.1388888888888888,3.4,2.609259259259259
891,22,1,9.8,5.6,0.5,5.0,8.5,5,54,1,3.3935185185185186,2.7,2.675925925925926
892,22,1,5.8,5.4,3.3,7.7,7.8,4,40,2,3.763888888888889,2.0,3.644444444444444
893,19,1,2.2,2.0,2.0,8.3,1.0,6,93,0,1.6111111111111112,4.65,2.340740740740741
894,27,2,1.9,4.4,0.1,6.6,1.1,2,69,4,1.4305555555555558,3.45,2.531481481481481
895,18,0,2.9,3.4,3.2,7.3,1.0,3,68,3,2.62962962962963,3.4,2.562962962962963
896,28,2,9.3,2.0,3.9,8.1,0.1,1,59,5,3.717592592592593,2.95,3.05
897,17,2,4.7,5.9,2.4,5.3,5.5,2,72,4,3.3240740740740744,3.6,2.8314814814814815
898,22,0,4.6,0.2,2.0,5.5,9.7,2,80,4,1.5555555555555556,4.0,3.598148148148148
899,28,1,3.8,1.5,3.5,4.0,4.4,8,83,-2,2.3935185185185186,4.15,1.1037037037037039
900,21,1,2.3,3.1,3.8,8.8,5.4,8,75,-2,2.6851851851851856,3.75,2.8703703703703702
901,27,2,5.4,3.1,3.0,8.6,9.7,2,99,4,2.9259259259259256,4.95,4.631481481481481
902,25,1,2.2,3.5,1.8,7.8,2.6,6,61,0,1.9444444444444444,3.05,2.4407407407407407
903,17,2,8.5,4.5,2.4,4.4,8.6,5,52,1,3.6388888888888893,2.6,2.492592592592593
904,23,2,4.3,3.7,2.8,6.2,5.5,3,46,3,2.8055555555555554,2.3,2.946296296296296
905,21,0,4.4,3.6,0.8,4.5,5.7,5,47,1,1.962962962962963,2.35,2.0425925925925927
906,21,0,5.3,0.3,1.8,4.1,3.4,5,67,1,1.6296296296296298,3.35,1.525925925925926
907,18,0,5.0,2.3,3.3,7.1,5.6,5,84,1,2.7546296296296298,4.2,2.8925925925925924
908,27,2,10.0,1.4,2.6,8.8,0.7,3,82,3,3.138888888888889,4.1,3.0129629629629635
909,19,0,5.9,1.6,1.6,8.5,7.6,3,48,3,2.0185185185185186,2.4,4.062962962962963
910,23,1,1.8,3.3,2.7,7.5,2.8,4,64,2,2.189814814814815,3.2,2.7444444444444445
911,22,1,6.5,1.2,0.5,4.5,8.9,7,95,-1,1.5601851851851853,4.75,2.2055555555555553
912,28,2,2.4,1.8,1.6,5.4,3.7,2,55,4,1.425925925925926,2.75,2.564814814814815
913,18,2,1.3,1.4,3.2,5.6,1.4,10,49,-4,1.777777777777778,2.45,0.7666666666666666
914,22,0,9.7,5.7,0.9,7.8,7.0,4,50,2,3.5694444444444446,2.5,3.544444444444444
915,18,2,8.0,5.7,0.7,8.0,1.6,4,70,2,3.1712962962962967,3.5,2.7111111111111112
916,18,2,9.8,3.7,3.8,5.9,7.5,1,51,5,4.2407407407407405,2.55,3.55
917,18,1,5.3,5.5,0.8,6.1,9.7,10,99,-4,2.6574074074074074,4.95,2.3166666666666664
918,27,1,5.8,4.7,1.0,4.2,7.8,8,70,-2,2.611111111111111,3.5,1.737037037037037
919,19,0,2.5,3.5,3.9,5.4,0.2,1,53,5,2.8750000000000004,2.65,2.166666666666667
920,18,2,3.2,0.0,2.9,6.3,6.0,8,90,-2,1.6157407407407407,4.5,2.1370370370370373
921,20,2,8.5,4.6,2.8,4.6,7.0,7,83,-1,3.833333333333333,4.15,1.9222222222222218
922,25,1,4.2,4.2,3.4,6.3,8.3,9,71,-3,3.175925925925926,3.55,2.3351851851851855
923,22,2,8.4,3.7,0.5,8.3,0.6,8,89,-2,2.606481481481482,4.45,1.903703703703704
924,17,1,7.4,4.6,2.8,6.9,4.8,5,92,1,3.6296296296296298,4.6,2.6925925925925926
925,24,0,2.6,3.1,2.0,4.4,5.4,8,56,-2,1.990740740740741,2.8,1.403703703703704
926,28,1,5.6,4.2,3.3,5.0,1.7,10,74,-4,3.393518518518519,3.7,0.6166666666666667
927,23,2,7.1,5.6,2.0,6.4,3.2,3,40,3,3.518518518518518,2.0,2.62962962962963
928,26,0,3.1,2.3,2.5,5.8,4.4,10,68,-4,2.0694444444444446,3.4,1.3333333333333333
929,19,1,8.5,4.2,1.9,5.8,8.3,7,90,-1,3.347222222222222,4.5,2.5388888888888888
930,17,1,5.9,2.9,1.9,6.6,9.3,4,43,2,2.5046296296296293,2.15,3.527777777777778
931,21,0,2.5,4.0,3.1,6.9,6.3,5,62,1,2.6805555555555554,3.1,2.9425925925925926
932,29,0,6.2,4.6,2.5,8.0,3.9,9,67,-3,3.282407407407408,3.35,2.1685185185185185
933,20,1,10.0,0.3,2.5,5.7,2.5,7,55,-1,2.791666666666667,2.75,1.5388888888888888
934,26,2,2.4,3.9,1.8,8.0,9.8,4,51,2,2.0925925925925926,2.55,4.0777777777777775
935,24,1,8.4,1.4,2.1,5.7,9.8,6,92,0,2.6342592592592595,4.6,2.940740740740741
936,17,0,2.9,4.0,3.0,4.3,9.2,10,60,-4,2.7129629629629632,3.0,1.633333333333333
937,26,1,8.0,2.8,3.3,6.8,7.9,7,84,-1,3.4490740740740744,4.2,2.8055555555555554
938,17,0,7.6,4.6,2.8,6.9,3.3,10,56,-4,3.666666666666667,2.8,1.5166666666666666
939,28,0,3.7,0.7,3.7,8.7,8.2,9,79,-3,2.236111111111111,3.95,3.1185185185185182
940,20,2,3.9,3.8,3.3,7.6,4.1,4,52,2,2.967592592592592,2.6,2.994444444444444
941,24,0,8.1,1.7,2.2,8.6,3.3,10,91,-4,2.7037037037037037,4.55,2.0833333333333335
942,21,0,5.2,5.1,2.7,8.5,7.4,3,97,3,3.319444444444444,4.85,4.02962962962963
943,18,2,7.6,5.6,3.7,7.0,0.8,8,71,-2,4.319444444444445,3.55,1.5037037037037035
944,22,0,2.3,6.0,2.5,6.6,0.5,1,76,5,2.949074074074074,3.8,2.6166666666666667
945,21,2,8.7,4.8,3.3,6.8,4.5,9,89,-3,4.134259259259259,4.45,1.8685185185185185
946,18,2,7.4,4.5,2.8,8.9,4.5,1,54,5,3.601851851851852,2.7,4.050000000000001
947,29,0,9.2,1.3,2.2,7.9,9.0,2,51,4,2.7962962962962963,2.55,4.281481481481482
948,27,0,2.2,2.0,1.0,4.5,1.3,8,88,-2,1.1944444444444444,4.4,0.7537037037037037
949,27,1,6.3,2.8,1.7,7.9,1.2,9,96,-3,2.4675925925925926,4.8,1.6851851851851851
950,27,2,6.4,4.6,3.9,4.9,1.5,7,54,-1,3.9027777777777777,2.7,1.1055555555555556
951,19,1,4.2,5.5,2.6,6.2,0.3,3,73,3,3.2037037037037037,3.65,2.07962962962963
952,25,0,5.1,1.1,2.3,5.1,0.7,7,45,-1,2.023148148148148,2.25,1.0388888888888888
953,23,1,1.3,5.5,3.7,7.4,6.6,6,56,0,3.125,2.8,2.974074074074074
954,23,2,7.7,4.2,2.3,8.4,4.3,2,87,4,3.3657407407407414,4.35,3.6648148148148145
955,27,1,5.9,3.7,2.1,5.5,7.6,3,88,3,2.8101851851851856,4.4,3.062962962962963
956,22,2,1.5,1.2,3.0,4.4,9.9,10,96,-4,1.675925925925926,4.8,1.7833333333333334
957,24,0,7.1,0.3,2.9,5.5,6.6,10,59,-4,2.4212962962962963,2.95,1.6
958,20,0,5.2,3.4,0.8,7.4,0.5,5,48,1,2.0555555555555554,2.4,2.142592592592593
959,24,2,1.3,3.9,1.9,5.6,1.0,10,98,-4,1.9305555555555554,4.9,0.7
960,20,0,9.7,1.3,1.9,5.4,8.8,4,44,2,2.7638888888888884,2.2,3.0444444444444447
961,24,0,9.5,3.3,1.5,4.9,5.3,2,62,4,3.1157407407407405,3.1,2.664814814814815
962,25,0,5.6,5.1,2.1,6.5,8.2,4,72,2,3.143518518518518,3.6,3.311111111111111
963,19,0,1.8,5.0,1.7,5.4,8.6,8,77,-2,2.2453703703703707,3.85,2.2703703703703706
964,19,2,7.8,5.6,0.8,7.7,9.3,5,95,1,3.148148148148148,4.75,3.709259259259259
965,27,1,5.4,2.2,1.6,4.4,9.5,5,53,1,2.0925925925925926,2.65,2.6425925925925924
966,29,1,3.7,1.9,0.3,7.3,5.5,10,56,-4,1.1527777777777777,2.8,2.0166666666666666
967,18,0,5.4,4.5,2.3,5.2,3.4,3,96,3,3.023148148148148,4.8,2.262962962962963
968,29,1,5.7,2.6,3.4,6.4,9.6,8,58,-2,3.0092592592592595,2.9,2.77037037037037
969,26,1,6.1,0.5,2.9,5.4,5.5,6,72,0,2.2916666666666665,3.6,2.1240740740740742
970,19,0,5.0,1.7,1.4,7.6,0.6,2,40,4,1.796296296296296,2.0,2.7814814814814817
971,19,0,6.5,2.5,0.3,8.7,6.4,2,52,4,1.8379629629629632,2.6,4.114814814814814
972,21,1,9.3,1.8,0.8,8.6,5.9,9,85,-3,2.3703703703703702,4.25,2.7018518518518517
973,21,2,4.3,2.0,2.2,6.9,9.0,7,66,-1,2.0833333333333335,3.3,3.022222222222222
974,18,0,7.5,1.8,0.8,6.3,6.5,10,45,-4,2.0370370370370368,2.25,1.8499999999999996
975,28,2,9.1,0.2,2.2,8.1,3.5,9,98,-3,2.4722222222222223,4.9,2.1351851851851853
976,26,1,5.1,3.8,0.9,7.4,9.7,6,45,0,2.189814814814815,2.25,3.4907407407407405
977,29,0,5.0,3.6,3.4,4.9,8.0,5,72,1,3.157407407407407,3.6,2.5592592592592593
978,22,2,6.4,3.9,1.6,8.1,6.3,1,69,5,2.7499999999999996,3.45,4.083333333333334
979,21,0,6.3,1.2,1.0,6.1,2.9,6,85,0,1.7314814814814814,4.25,1.9240740740740738
980,22,1,8.3,1.8,3.2,4.9,3.7,6,74,0,3.185185185185185,3.7,1.6574074074074074
981,17,2,5.3,3.7,1.4,5.4,6.7,3,62,3,2.407407407407408,3.1,2.8796296296296298
982,21,1,10.0,3.6,0.4,5.3,0.7,3,49,3,2.833333333333334,2.45,1.846296296296296
983,25,1,1.5,3.0,2.3,6.6,2.6,3,90,3,1.884259259259259,4.5,2.596296296296296
984,28,0,1.0,2.1,2.3,5.2,7.1,3,58,3,1.5416666666666667,2.9,2.8796296296296298
985,26,2,6.8,5.5,2.9,4.6,4.8,7,90,-1,3.8101851851851847,4.5,1.5555555555555554
986,18,1,3.7,2.0,1.0,4.6,4.0,10,67,-4,1.4722222222222223,3.35,0.8666666666666666
987,17,1,3.2,2.7,1.8,6.9,1.5,2,62,4,1.9074074074074074,3.1,2.6981481481481477
988,26,2,3.8,4.1,1.1,7.7,4.4,10,43,-4,2.1157407407407405,2.15,1.9666666666666668
989,29,1,3.3,3.3,0.3,5.6,7.7,10,59,-4,1.4675925925925923,2.95,1.8166666666666664
990,27,1,1.3,2.1,3.5,4.2,2.6,2,58,4,2.0972222222222223,2.9,1.9814814814814816
991,25,2,9.7,2.6,2.9,4.6,0.1,3,81,3,3.541666666666667,4.05,1.5129629629629628
992,26,2,3.0,4.8,1.2,8.6,6.7,10,66,-4,2.2037037037037037,3.3,2.6499999999999995
993,25,2,7.6,1.7,2.4,6.5,9.7,7,96,-1,2.694444444444444,4.8,3.005555555555555
994,25,2,7.9,0.9,0.8,6.3,6.1,3,73,3,1.8611111111111112,3.65,3.0796296296296295
995,22,0,9.4,1.9,3.6,4.2,1.2,7,43,-1,3.5833333333333335,2.15,0.8222222222222222
996,24,2,1.3,5.1,0.5,7.6,3.2,9,95,-3,1.6805555555555554,4.75,1.9185185185185185
997,27,0,8.8,0.5,0.0,6.6,8.7,10,77,-4,1.5833333333333335,3.85,2.316666666666666
998,29,0,5.7,6.0,2.0,5.0,2.3,4,46,2,3.3703703703703702,2.3,1.827777777777778
999,17,0,6.7,3.2,2.3,4.6,6.1,7,87,-1,2.9027777777777777,4.35,1.772222222222222
1000,26,1,6.8,5.9,2.3,5.9,4.0,9,46,-3,3.671296296296296,2.3,1.4851851851851852
1001,20,0,8.4,5.6,0.2,8.2,2.1,8,89,-2,3.0092592592592595,4.45,2.1203703703703702
1002,17,0,4.0,2.7,1.3,8.3,8.1,8,91,-2,1.8472222222222223,4.55,3.1537037037037035
1003,24,1,7.6,1.2,2.0,7.0,7.4,9,65,-3,2.3888888888888884,3.25,2.4185185185185185
1004,17,1,5.8,1.0,0.9,7.6,6.6,5,65,1,1.5416666666666665,3.25,3.225925925925926
1005,19,1,8.1,1.4,3.5,4.6,2.4,5,93,1,3.162037037037037,4.65,1.525925925925926
1006,29,2,9.9,4.3,0.3,6.9,1.0,3,58,3,2.9675925925925926,2.9,2.4296296296296296
1007,20,1,2.8,1.6,1.9,7.3,5.8,5,48,1,1.5694444444444444,2.4,2.992592592592592
1008,24,1,10.0,2.0,2.8,5.0,5.5,8,59,-2,3.3888888888888884,2.95,1.6203703703703702
1009,22,0,1.8,2.7,1.0,8.4,1.9,5,81,1,1.3148148148148149,4.05,2.7092592592592597
1010,26,1,1.0,5.5,2.5,5.0,0.6,4,84,2,2.569444444444444,4.2,1.5444444444444443
1011,28,2,1.4,1.1,3.3,5.6,0.8,8,89,-2,1.7546296296296295,4.45,1.037037037037037
1012,23,1,4.1,0.0,0.8,7.1,9.9,7,55,-1,0.9074074074074073,2.75,3.2388888888888885
1013,24,2,6.7,0.4,3.7,7.2,7.8,6,93,0,2.708333333333333,4.65,3.107407407407407
1014,18,1,1.6,5.4,2.2,7.5,9.2,5,56,1,2.5277777777777777,2.8,3.6259259259259258
1015,29,1,1.1,3.9,1.2,4.6,2.0,5,61,1,1.6018518518518519,3.05,1.4592592592592593
1016,26,1,9.4,1.6,1.7,8.2,9.6,10,52,-4,2.708333333333333,2.6,3.0
1017,27,1,8.4,1.1,1.2,6.7,1.4,2,51,4,2.175925925925926,2.55,2.6148148148148147
1018,24,2,8.3,1.8,2.9,6.4,5.1,4,49,2,3.060185185185185,2.45,2.7611111111111115
1019,19,2,9.0,0.7,3.2,8.9,8.3,8,40,-2,3.0092592592592595,2.0,3.3870370370370373
1020,23,0,7.3,5.6,3.3,7.7,3.5,8,71,-2,4.097222222222221,3.55,2.187037037037037
1021,19,2,1.9,4.7,3.9,4.6,4.2,1,69,5,3.0972222222222223,3.45,2.5666666666666664
1022,23,1,4.6,2.8,3.2,7.8,1.3,2,47,4,2.7777777777777772,2.35,2.9648148148148152
1023,27,0,7.5,5.2,2.4,4.5,1.2,5,60,1,3.648148148148149,3.0,1.2925925925925927
1024,28,0,3.5,1.5,1.4,4.1,6.2,9,61,-3,1.4629629629629628,3.05,1.2518518518518518
1025,29,0,7.2,4.3,2.2,6.0,6.8,10,57,-4,3.259259259259259,2.85,1.8000000000000003
1026,18,1,1.2,5.1,0.2,9.0,7.8,7,41,-1,1.537037037037037,2.05,3.522222222222222
1027,26,2,3.8,2.1,3.0,4.9,5.6,10,87,-4,2.351851851851852,4.35,1.2333333333333334
1028,22,1,5.9,4.5,1.8,7.4,6.5,5,83,1,2.9074074074074074,4.15,3.142592592592593
1029,19,0,6.7,1.8,0.1,4.9,0.1,1,48,5,1.5972222222222223,2.4,1.9833333333333336
1030,19,1,6.2,1.8,0.3,7.6,1.6,6,42,0,1.587962962962963,2.1,2.2074074074074077
1031,25,1,7.3,0.6,1.5,6.5,9.8,8,93,-2,1.958333333333333,4.65,2.8370370370370375
1032,23,2,1.1,2.6,2.3,7.4,0.8,7,65,-1,1.699074074074074,3.25,1.822222222222222
1033,21,2,1.9,4.4,1.9,5.0,6.8,2,60,4,2.1805555555555554,3.0,2.948148148148148
1034,28,0,8.8,5.6,2.5,7.7,1.8,5,69,1,4.041666666666666,3.45,2.4592592592592593
1035,26,1,7.1,3.6,1.9,9.0,7.2,4,67,2,2.9212962962962963,3.35,3.977777777777778
1036,23,1,2.0,5.2,2.6,7.3,7.1,9,75,-3,2.7129629629629632,3.75,2.4685185185185183
1037,25,2,8.6,4.9,0.9,6.5,2.3,10,65,-4,3.143518518518519,3.25,1.2166666666666666
1038,17,1,3.2,1.0,0.5,8.6,2.7,1,73,5,0.8935185185185185,3.65,3.65
1039,23,1,5.3,2.9,2.4,4.1,6.5,6,47,0,2.601851851851851,2.35,1.8574074074074074
1040,22,1,2.3,0.7,1.9,7.6,3.9,3,49,3,1.2268518518518516,2.45,3.146296296296296
1041,26,2,7.4,4.1,0.1,8.4,1.9,9,87,-3,2.3657407407407405,4.35,1.9685185185185186
1042,28,0,7.0,5.7,1.5,4.3,7.3,5,94,1,3.319444444444444,4.7,2.2425925925925925
1043,25,0,2.9,0.8,0.4,6.3,1.5,6,82,0,0.7407407407407407,4.1,1.7574074074074075
1044,17,1,8.8,4.4,2.1,5.0,8.6,9,89,-3,3.541666666666667,4.45,1.9518518518518522
1045,29,0,4.6,3.8,1.6,6.8,5.1,9,93,-3,2.3888888888888884,4.65,1.9685185185185183
1046,20,2,3.6,3.5,2.5,7.2,1.1,8,53,-2,2.4953703703703702,2.65,1.6203703703703702
1047,25,2,2.4,2.3,3.2,5.5,6.9,9,79,-3,2.231481481481482,3.95,1.8351851851851853
1048,20,0,3.4,2.1,1.2,6.3,5.2,4,94,2,1.527777777777778,4.7,2.7444444444444445
1049,26,0,1.2,0.3,3.8,5.4,3.0,6,54,0,1.7037037037037037,2.7,1.7074074074074075
1050,19,1,6.2,1.3,2.1,5.8,4.2,5,56,1,2.1990740740740744,2.8,2.225925925925926
1051,25,0,8.6,0.1,2.5,4.8,3.0,5,92,1,2.476851851851852,4.6,1.6925925925925924
1052,29,1,5.9,3.5,2.7,8.4,2.6,4,57,2,3.0046296296296298,2.85,3.011111111111111
1053,18,1,3.0,0.6,2.7,4.1,1.6,2,71,4,1.6620370370370372,3.55,1.7814814814814814
1054,20,2,1.3,5.2,2.0,8.4,3.6,6,77,0,2.333333333333333,3.85,2.807407407407408
1055,22,2,2.9,3.1,1.7,6.9,2.5,9,62,-3,1.9212962962962965,3.1,1.5685185185185189
1056,18,2,4.7,4.2,0.2,5.7,6.8,1,85,5,1.9351851851851853,4.25,3.3666666666666667
1057,24,2,7.8,2.5,0.1,7.6,6.8,7,62,-1,1.9953703703703705,3.1,2.8888888888888884
1058,24,0,2.7,3.4,1.4,6.5,5.0,6,74,0,1.8425925925925926,3.7,2.4074074074074074
1059,17,2,7.5,5.7,1.3,6.5,7.8,3,78,3,3.3287037037037037,3.9,3.4296296296296296
1060,28,0,8.8,0.5,1.6,4.6,8.4,1,54,5,2.25,2.7,3.2666666666666666
1061,19,2,5.1,1.5,0.6,5.9,5.8,4,92,2,1.4259259259259258,4.6,2.711111111111111
1062,26,0,8.4,4.7,3.0,5.2,6.2,9,63,-3,3.925925925925926,3.15,1.618518518518519
1063,25,1,6.0,0.6,3.4,4.1,2.8,2,67,4,2.5092592592592595,3.35,1.981481481481481
1064,21,0,6.7,0.5,3.8,5.8,8.9,3,55,3,2.7777777777777772,2.75,3.3796296296296298
1065,22,0,5.7,2.2,2.0,4.4,0.2,2,55,4,2.314814814814815,2.75,1.6481481481481484
1066,20,2,5.2,0.6,2.8,5.3,3.5,2,79,4,2.111111111111111,3.95,2.498148148148148
1067,26,0,3.1,3.5,3.4,4.5,7.2,10,78,-4,2.7777777777777772,3.9,1.3666666666666667
1068,18,1,3.7,1.4,1.7,4.5,0.8,8,45,-2,1.597222222222222,2.25,0.6703703703703703
1069,27,1,3.6,5.4,1.2,5.0,1.8,3,41,3,2.4814814814814814,2.05,1.9296296296296298
1070,24,2,6.1,4.7,3.7,9.0,5.9,7,93,-1,3.791666666666667,4.65,3.2055555555555553
1071,27,1,2.1,4.2,2.1,4.0,5.6,8,52,-2,2.2453703703703707,2.6,1.3037037037037036
1072,29,0,9.3,3.7,2.0,7.2,7.4,3,83,3,3.398148148148148,4.15,3.5962962962962957
1073,22,1,7.5,5.2,0.7,4.7,8.1,2,86,4,2.939814814814815,4.3,3.064814814814815
1074,21,2,4.6,1.3,0.4,8.6,1.3,8,98,-2,1.1944444444444444,4.9,2.1203703703703702
1075,25,0,2.4,5.2,3.4,4.5,0.2,3,48,3,3.1203703703703707,2.4,1.4962962962962965
1076,17,2,8.9,4.7,2.5,8.8,6.9,7,73,-1,3.8101851851851847,3.65,3.3055555555555562
1077,21,0,8.4,4.5,1.3,7.1,3.0,1,56,5,3.162037037037037,2.8,3.2
1078,22,1,7.5,3.4,0.8,4.0,6.3,6,66,0,2.481481481481481,3.3,1.7907407407407407
1079,21,2,3.4,1.5,2.2,8.5,1.5,9,68,-3,1.777777777777778,3.4,1.9351851851851853
1080,22,2,4.6,2.5,2.3,6.6,4.7,3,76,3,2.319444444444444,3.8,2.946296296296296
1081,22,0,1.9,4.8,0.8,5.3,5.0,7,82,-1,1.8333333333333333,4.1,1.822222222222222
1082,23,2,2.7,0.2,3.4,7.8,5.9,6,61,0,1.787037037037037,3.05,2.990740740740741
1083,20,0,8.0,4.7,0.3,8.6,5.1,8,90,-2,2.726851851851852,4.5,2.753703703703703
1084,27,0,7.4,1.4,1.4,6.4,5.0,3,63,3,2.157407407407407,3.15,2.9296296296296296
1085,24,0,6.3,0.9,2.7,5.6,3.3,3,46,3,2.356481481481482,2.3,2.3796296296296293
1086,23,0,9.1,0.7,1.1,7.9,0.7,4,73,2,2.1527777777777777,3.65,2.5277777777777777
1087,25,1,6.2,0.2,3.3,7.4,0.9,3,87,3,2.3935185185185186,4.35,2.5796296296296295
1088,23,0,5.2,3.1,3.0,8.4,4.3,9,51,-3,2.8888888888888893,2.55,2.3685185185185187
1089,19,2,4.1,1.3,3.2,7.5,3.6,4,62,2,2.2685185185185186,3.1,2.8777777777777773
1090,19,1,9.5,5.9,0.5,5.2,5.2,6,54,0,3.4212962962962967,2.7,2.0074074074074075
1091,24,2,1.7,3.4,0.6,8.7,3.0,8,72,-2,1.324074074074074,3.6,2.4370370370370367
1092,21,1,9.4,0.8,1.1,4.5,6.9,8,96,-2,2.236111111111111,4.8,1.6870370370370371
1093,20,0,8.4,4.1,2.1,5.3,8.6,5,52,1,3.384259259259259,2.6,2.7925925925925927
1094,24,1,2.2,5.4,3.0,6.6,3.0,5,62,1,2.9722222222222223,3.1,2.2925925925925923
1095,22,1,6.1,4.5,3.3,6.8,1.9,6,77,0,3.5694444444444446,3.85,1.9907407407407407
1096,18,2,8.8,0.5,2.8,4.1,1.2,10,71,-4,2.7499999999999996,3.55,0.2333333333333332
1097,20,2,6.1,5.4,3.7,7.9,6.2,7,84,-1,3.9861111111111107,4.2,2.8888888888888884
1098,28,0,9.2,4.8,3.0,5.8,4.4,10,89,-4,4.101851851851851,4.45,1.3333333333333333
1099,27,1,9.5,0.9,1.2,6.0,1.9,7,74,-1,2.324074074074074,3.7,1.5388888888888888
1100,20,1,4.8,0.3,1.1,8.0,6.5,4,40,2,1.2453703703703705,2.0,3.527777777777778
1101,22,1,4.4,3.3,2.8,5.9,1.5,6,86,0,2.7129629629629632,4.3,1.6240740740740742
1102,22,0,9.4,0.9,0.8,4.2,5.5,7,97,-1,2.138888888888889,4.85,1.5388888888888888
1103,17,0,7.1,5.0,0.4,4.9,5.3,5,84,1,2.6851851851851856,4.2,2.1092592592592596
1104,24,0,2.0,2.2,2.1,8.8,7.3,5,44,1,1.6712962962962963,2.2,3.742592592592593
1105,22,0,1.4,5.5,3.3,4.4,0.6,2,96,4,2.9768518518518516,4.8,1.7148148148148148
1106,19,0,6.1,3.4,0.4,5.8,8.9,7,52,-1,2.055555555555556,2.6,2.638888888888889
1107,25,2,9.4,1.1,3.2,6.5,7.0,6,93,0,3.1944444444444446,4.65,2.740740740740741
1108,18,1,8.6,0.8,3.2,6.5,2.2,1,44,5,2.962962962962963,2.2,2.8666666666666667
1109,27,1,7.1,3.5,1.9,4.0,1.8,4,99,2,2.8935185185185186,4.95,1.411111111111111
1110,24,1,2.3,4.6,0.2,6.5,4.3,3,71,3,1.6018518518518519,3.55,2.846296296296296
1111,26,1,3.3,4.7,0.7,5.9,8.2,3,90,3,2.023148148148148,4.5,3.2962962962962967
1112,19,1,8.9,1.7,2.8,8.9,8.4,7,60,-1,3.1018518518518516,3.0,3.58888888888889
1113,29,1,2.6,1.2,2.8,4.8,5.2,10,63,-4,1.796296296296296,3.15,1.1333333333333333
1114,28,1,3.5,0.1,3.6,5.8,8.6,4,99,2,1.9907407407407407,4.95,3.144444444444445
1115,21,1,2.2,4.1,2.3,6.1,0.1,8,57,-2,2.319444444444444,2.85,1.087037037037037
1116,22,2,7.1,0.5,0.5,6.0,0.4,9,60,-3,1.4768518518518516,3.0,0.9185185185185185
1117,26,1,9.5,2.5,0.5,7.3,9.1,3,93,3,2.476851851851852,4.65,3.9129629629629625
1118,22,2,3.4,3.6,2.9,5.1,7.8,5,49,1,2.6527777777777777,2.45,2.5925925925925926
1119,20,0,5.3,5.6,0.7,5.1,4.5,4,63,2,2.643518518518518,3.15,2.2277777777777774
1120,19,1,6.7,1.9,1.3,7.6,7.5,10,79,-4,2.125,3.95,2.45
1121,20,0,10.0,1.5,1.9,6.5,9.6,6,86,0,2.8750000000000004,4.3,3.174074074074074
1122,17,0,1.9,3.9,0.1,6.1,7.7,10,60,-4,1.2916666666666667,3.0,1.9833333333333334
1123,20,0,5.5,3.7,1.0,4.8,8.4,4,64,2,2.2777777777777777,3.2,2.7777777777777772
1124,17,2,4.5,2.0,1.6,4.9,7.6,8,91,-2,1.8703703703703702,4.55,1.9370370370370371
1125,28,0,8.8,5.6,1.1,4.1,1.7,3,99,3,3.4583333333333326,4.95,1.612962962962963
1126,17,0,5.3,5.1,0.5,4.5,8.3,5,96,1,2.4212962962962963,4.8,2.475925925925926
1127,26,0,2.0,1.3,2.9,6.8,2.0,1,98,5,1.7546296296296295,4.9,2.9333333333333336
1128,22,1,6.7,1.4,3.3,8.5,8.9,6,62,0,2.8194444444444438,3.1,3.7240740740740748
1129,21,1,7.9,3.1,1.0,5.4,4.6,5,61,1,2.555555555555556,3.05,2.1592592592592594
1130,27,2,1.0,4.6,3.1,5.6,6.8,8,43,-2,2.569444444444444,2.15,2.0370370370370368
1131,20,2,8.7,0.3,1.5,4.6,5.0,9,73,-3,2.134259259259259,3.65,1.2185185185185183
1132,29,1,2.7,4.2,2.0,5.9,0.9,8,95,-2,2.314814814814815,4.75,1.153703703703704
1133,27,2,6.0,3.9,3.4,4.2,2.9,8,45,-2,3.425925925925926,2.25,0.9203703703703703
1134,19,1,4.7,1.4,3.0,8.6,9.8,3,67,3,2.324074074074074,3.35,4.462962962962963
1135,17,0,7.5,4.1,3.2,7.4,9.6,4,70,2,3.6759259259259265,3.5,3.844444444444444
1136,22,0,4.3,5.6,0.5,9.0,3.2,4,74,2,2.3749999999999996,3.7,3.3111111111111113
1137,18,2,8.8,0.3,0.3,8.4,10.0,5,78,1,1.6527777777777777,3.9,4.059259259259259
1138,24,1,7.6,1.9,3.6,6.4,8.5,9,81,-3,3.2499999999999996,4.05,2.401851851851852
1139,26,1,6.8,2.6,1.6,6.6,6.1,9,62,-3,2.4629629629629632,3.1,2.0685185185185184
1140,21,2,8.2,5.4,1.2,5.0,0.4,10,45,-4,3.333333333333333,2.25,0.4
1141,23,1,7.8,5.8,2.9,6.3,9.0,1,55,5,4.078703703703704,2.75,3.933333333333333
1142,26,0,1.3,2.7,3.3,8.5,5.6,8,41,-2,2.1805555555555554,2.05,2.803703703703704
1143,28,2,4.6,4.5,3.4,4.3,8.7,1,63,5,3.333333333333333,3.15,3.216666666666666
1144,18,2,9.4,3.2,1.3,8.3,8.3,2,56,4,2.986111111111111,2.8,4.298148148148148
1145,29,1,2.1,3.2,3.4,5.7,8.3,7,84,-1,2.5092592592592595,4.2,2.505555555555556
1146,24,2,7.6,1.7,0.2,8.5,7.0,8,40,-2,1.777777777777778,2.0,3.0370370370370376
1147,18,1,9.8,1.3,0.2,8.7,2.9,1,45,5,2.0740740740740744,2.25,3.716666666666666
1148,20,1,1.5,1.7,2.5,7.4,3.4,3,44,3,1.6064814814814814,2.2,2.9962962962962965
1149,17,1,7.1,3.3,0.3,7.3,3.1,7,96,-1,2.171296296296296,4.8,2.172222222222222
1150,21,1,5.2,0.2,1.3,6.3,0.2,9,84,-3,1.3749999999999998,4.2,0.9851851851851852
1151,25,1,6.2,5.4,2.7,8.2,5.8,8,99,-2,3.587962962962963,4.95,2.7370370370370374
1152,17,2,1.8,0.9,1.3,8.8,7.0,8,94,-2,0.9398148148148149,4.7,3.1370370370370377
1153,25,0,1.4,1.3,0.7,7.9,8.5,9,89,-3,0.7268518518518519,4.45,2.9018518518518515
1154,27,0,7.0,3.1,1.1,7.1,1.4,10,68,-4,2.430555555555556,3.4,1.2666666666666666
1155,24,2,8.4,4.3,1.8,7.0,5.4,3,51,3,3.314814814814815,2.55,3.1962962962962966
1156,22,2,8.0,0.6,1.9,8.2,0.1,8,78,-2,2.2546296296296298,3.9,1.7870370370370368
1157,23,0,5.9,1.9,3.1,6.7,1.0,1,86,5,2.726851851851852,4.3,2.733333333333334
1158,19,0,1.9,5.8,3.0,8.0,0.5,8,42,-2,3.0277777777777777,2.1,1.7870370370370372
1159,17,0,7.2,1.6,1.8,6.5,7.3,7,87,-1,2.3425925925925926,4.35,2.605555555555555
1160,21,0,3.2,1.9,3.4,4.3,0.8,8,40,-2,2.3518518518518516,2.0,0.6037037037037036
1161,28,0,9.2,5.0,0.5,5.9,7.2,1,66,5,3.1157407407407405,3.3,3.5000000000000004
1162,28,1,8.5,0.3,1.0,6.2,2.5,6,87,0,1.8888888888888888,4.35,1.8907407407407408
1163,18,2,7.4,2.8,3.3,4.7,8.8,7,63,-1,3.3379629629629632,3.15,2.255555555555556
1164,21,1,9.5,2.3,1.5,4.5,8.1,5,83,1,2.837962962962963,4.15,2.4425925925925926
1165,24,0,1.3,1.9,3.9,6.7,9.6,5,58,1,2.208333333333333,2.9,3.4259259259259256
1166,27,0,7.6,1.7,1.9,4.4,8.8,7,98,-1,2.486111111111111,4.9,2.155555555555556
1167,25,0,4.0,0.5,3.2,5.5,9.3,3,47,3,2.027777777777778,2.35,3.346296296296296
1168,18,1,9.2,1.9,1.6,7.7,8.6,6,94,0,2.7129629629629632,4.7,3.4074074074074074
1169,28,1,3.4,0.3,1.7,8.8,6.9,7,83,-1,1.2361111111111112,4.15,3.3055555555555562
1170,19,0,7.5,4.7,1.5,7.6,1.7,1,86,5,3.1342592592592595,4.3,3.15
1171,19,1,8.9,2.4,2.9,9.0,2.7,2,41,4,3.3379629629629632,2.05,3.598148148148148
1172,17,1,1.4,2.7,2.2,7.5,2.1,4,69,2,1.7407407407407407,3.45,2.6277777777777778
1173,24,0,4.6,5.4,3.8,5.5,6.0,8,69,-2,3.75,3.45,1.8703703703703702
1174,22,1,7.9,3.9,1.0,7.4,5.0,10,88,-4,2.7777777777777777,4.4,1.9666666666666668
1175,28,2,5.1,0.0,0.4,7.5,8.7,6,78,0,0.9259259259259257,3.9,3.3574074074074067
1176,29,2,3.4,5.7,1.6,5.9,9.5,1,84,5,2.694444444444444,4.2,3.8833333333333337
1177,24,2,3.0,1.4,2.5,4.1,4.0,10,71,-4,1.8009259259259258,3.55,0.7
1178,27,2,2.2,0.6,3.4,7.5,5.1,5,40,1,1.8055555555555556,2.0,2.9425925925925926
1179,25,0,8.7,4.6,1.4,4.1,9.7,7,77,-1,3.287037037037037,3.85,2.2055555555555553
1180,21,0,6.2,3.0,2.6,7.2,2.8,6,52,0,2.8796296296296298,2.6,2.2740740740740737
1181,28,0,1.7,2.6,1.4,4.8,7.9,9,50,-3,1.4351851851851851,2.5,1.7685185185185184
1182,19,2,4.4,1.5,2.5,6.8,2.3,8,49,-2,2.087962962962963,2.45,1.687037037037037
1183,21,2,4.3,3.3,3.5,6.5,6.8,4,87,2,2.986111111111111,4.35,3.0777777777777775
1184,21,1,2.6,1.6,0.9,4.1,2.5,5,98,1,1.1157407407407407,4.9,1.3759259259259258
1185,21,1,4.9,5.4,1.6,5.8,8.8,7,65,-1,2.8888888888888893,3.25,2.6222222222222227
1186,19,2,4.0,1.3,4.0,7.0,5.6,8,95,-2,2.5833333333333335,4.75,2.3037037037037034
1187,27,2,4.1,5.3,3.5,8.2,1.9,5,94,1,3.5046296296296298,4.7,2.6425925925925924
1188,26,2,7.7,3.4,2.3,8.4,2.2,9,59,-3,3.143518518518518,2.95,2.0185185185185186
1189,20,2,3.0,5.0,2.1,6.4,4.9,10,56,-4,2.6342592592592595,2.8,1.6166666666666671
1190,25,1,6.8,4.3,1.1,7.6,9.6,4,56,2,2.726851851851852,2.8,3.9111111111111114
1191,29,2,6.1,4.2,2.1,5.6,7.7,4,43,2,2.986111111111111,2.15,2.9277777777777776
1192,26,1,6.1,1.9,3.4,5.7,4.9,8,44,-2,2.8888888888888893,2.2,1.753703703703704
1193,25,2,7.0,1.4,2.7,5.0,3.4,1,99,5,2.625,4.95,2.5666666666666664
1194,18,2,5.9,1.3,1.2,6.8,5.5,8,62,-2,1.7685185185185184,3.1,2.2203703703703703
1195,24,2,8.9,5.1,0.8,5.6,7.5,5,85,1,3.212962962962963,4.25,2.709259259259259
1196,24,1,7.1,4.9,1.1,4.4,7.8,1,91,5,2.949074074074074,4.55,3.1
1197,23,1,5.9,2.6,0.7,7.4,3.2,4,49,2,1.9212962962962965,2.45,2.7777777777777772
1198,24,0,8.5,0.8,0.4,7.5,7.2,2,85,4,1.777777777777778,4.25,3.8481481481481477
1199,19,2,6.5,2.3,1.7,5.8,6.6,4,67,2,2.365740740740741,3.35,2.811111111111111
1200,29,0,3.6,3.7,0.5,4.4,9.6,8,72,-2,1.7175925925925928,3.6,2.103703703703704
