student_id,age,gender,daily_screen_time_hours,social_media_hours,ai_tool_usage_hours,sleep_hours,physical_activity_hours_per_week,mental_stress_level,academic_performance_score
1,23,Female,2.5,1.2,1.8,4.9,4.3,2,60
2,20,Male,6.6,0.9,3.1,6.7,4.4,3,72
3,29,Other,5.7,5.4,4.0,4.8,6.7,2,46
4,27,Other,7.0,4.3,0.8,4.3,3.2,1,40
5,24,Other,9.4,5.6,1.8,5.6,6.8,2,80
6,29,Male,5.8,3.6,1.7,5.1,8.7,8,42
7,21,Male,6.2,2.8,1.2,6.6,2.4,9,83
8,23,Male,1.8,0.4,0.8,4.5,9.8,2,90
9,26,Male,7.5,4.0,0.3,7.8,3.9,7,54
10,19,Other,4.6,3.5,3.5,8.5,2.7,5,70
11,23,Other,9.8,5.9,1.7,7.7,4.2,3,93
12,27,Female,8.4,1.4,2.0,6.7,0.9,9,55
13,27,Female,5.7,3.2,3.7,8.3,1.3,6,49
14,24,Male,2.1,3.9,3.1,7.5,4.1,1,93
15,21,Other,8.7,3.9,0.5,4.1,7.6,5,68
16,20,Other,8.2,3.4,2.3,6.0,9.0,7,98
17,24,Other,2.7,4.7,1.8,8.3,6.6,4,98
18,24,Female,3.7,1.2,3.2,5.7,1.1,8,45
19,19,Female,8.1,4.4,2.9,4.2,6.7,10,68
20,22,Other,2.7,3.7,2.8,7.7,6.4,5,56
21,21,Other,9.3,5.4,1.4,8.0,8.1,9,92
22,18,Other,4.8,5.1,3.2,4.8,8.3,9,99
23,24,Female,1.8,1.9,0.2,6.7,8.7,9,61
24,28,Other,8.3,1.7,0.6,5.0,4.1,1,63
25,22,Other,4.4,5.9,1.3,7.6,7.0,2,56
26,18,Male,5.7,3.2,0.3,5.4,2.7,3,60
27,28,Male,2.0,5.4,0.9,5.6,10.0,4,90
28,21,Female,1.0,1.0,3.3,8.2,1.8,10,89
29,17,Other,6.7,3.9,3.8,6.4,0.1,9,50
30,28,Other,5.6,4.9,1.2,7.3,1.5,10,95
31,26,Male,6.3,5.7,1.1,6.0,7.8,6,46
32,22,Female,8.1,2.0,1.1,5.5,4.5,1,81
33,29,Male,6.8,4.3,1.1,7.1,4.5,9,78
34,28,Male,2.6,3.2,0.1,4.8,9.6,6,44
35,25,Male,4.2,0.4,3.7,5.9,9.2,4,83
36,17,Male,9.2,4.1,0.9,5.0,3.1,4,87
37,27,Other,7.9,4.1,1.7,7.5,2.1,3,96
38,27,Other,6.0,5.6,0.0,8.7,8.5,7,60
39,26,Male,3.3,3.0,3.4,9.0,9.1,3,57
40,28,Female,3.7,1.4,2.9,6.3,5.4,2,74
41,28,Female,7.6,0.3,3.8,5.3,6.3,10,59
42,19,Female,8.7,2.5,3.1,6.2,2.6,8,54
43,28,Female,7.0,1.8,1.3,8.2,8.0,4,44
44,23,Male,8.3,4.6,1.0,5.0,6.3,8,52
45,20,Other,7.9,2.1,2.8,8.8,5.0,1,90
46,25,Female,2.3,5.7,1.5,5.7,0.6,5,51
47,19,Male,4.8,5.8,2.3,8.9,9.2,9,94
48,21,Female,2.4,3.7,0.0,8.2,6.2,1,60
49,19,Female,3.1,5.6,0.2,8.0,1.9,4,76
50,23,Male,8.8,4.6,2.1,5.6,6.1,6,45
51,21,Other,5.3,3.3,2.3,4.0,6.8,10,46
52,25,Other,5.8,1.1,3.0,5.9,5.3,8,65
53,23,Male,2.6,2.8,0.5,5.5,7.2,3,81
54,18,Other,3.8,3.4,2.1,4.2,5.8,5,87
55,20,Male,3.1,5.2,0.8,6.5,9.5,7,47
56,25,Male,2.9,2.9,0.4,6.0,0.5,1,48
57,28,Male,6.7,5.4,1.6,7.2,1.1,7,66
58,18,Other,3.3,4.0,0.7,7.1,1.7,8,43
59,26,Male,6.7,0.8,0.9,4.6,6.9,8,60
60,25,Female,1.5,6.0,1.3,8.9,6.5,9,70
61,26,Other,2.3,3.2,1.0,4.9,8.9,6,60
62,21,Other,3.5,2.4,0.4,6.2,7.3,6,79
63,18,Other,6.4,4.0,0.4,6.4,5.1,2,64
64,20,Other,7.1,0.7,0.8,8.1,9.9,3,78
65,28,Female,5.0,3.8,0.2,4.5,2.7,4,54
66,28,Other,5.0,3.0,2.5,6.1,8.3,4,92
67,23,Other,7.5,2.4,1.1,7.1,4.3,8,74
68,28,Male,1.1,5.7,1.1,5.1,6.5,1,88
69,29,Other,4.1,3.1,1.3,7.1,7.3,10,82
70,24,Female,8.4,1.3,2.7,8.6,6.3,4,80
71,19,Female,6.4,2.8,3.5,9.0,1.4,4,76
72,17,Female,4.0,5.5,3.0,4.2,4.4,1,96
73,20,Female,9.1,1.1,2.9,5.2,5.6,3,81
74,18,Other,8.0,1.3,1.9,5.6,8.5,5,86
75,24,Other,3.4,0.1,2.8,6.0,4.4,6,67
76,20,Female,6.8,0.1,2.2,5.2,9.2,9,53
77,18,Female,6.4,5.0,0.9,5.0,4.4,9,43
78,22,Other,4.6,4.4,0.8,8.8,5.5,9,92
79,22,Female,4.3,2.1,1.2,8.6,8.0,1,59
80,26,Male,4.1,4.2,3.6,4.2,5.8,9,73
81,20,Female,6.6,2.4,2.2,5.7,9.6,8,51
82,22,Female,5.0,5.7,2.9,6.0,6.6,2,72
83,29,Male,8.5,5.8,1.4,5.2,5.2,1,63
84,18,Male,7.0,2.4,1.6,7.1,0.2,1,59
85,26,Other,1.6,5.1,0.5,7.2,4.1,6,44
86,28,Other,6.8,4.6,0.7,8.3,3.0,9,77
87,18,Male,3.4,1.9,3.3,7.7,7.5,7,69
88,26,Male,6.3,1.4,2.3,6.7,2.1,5,63
89,20,Other,7.1,2.7,1.4,7.3,2.1,2,82
90,24,Female,3.1,4.7,3.2,5.4,1.9,1,79
91,23,Male,5.1,5.8,1.0,7.0,1.3,2,46
92,28,Other,2.7,4.6,3.9,6.4,3.1,1,75
93,25,Female,1.5,5.1,1.4,4.7,8.9,3,77
94,24,Male,4.4,3.6,1.3,5.2,7.7,6,55
95,21,Female,4.3,5.0,1.2,5.5,7.4,8,91
96,29,Other,10.0,4.7,0.5,8.6,8.0,3,54
97,18,Male,5.0,2.3,0.4,5.2,2.7,10,85
98,21,Female,4.0,3.3,2.6,5.4,8.9,9,62
99,24,Male,6.2,4.8,3.5,5.8,1.4,10,51
100,26,Female,1.8,0.3,3.2,7.3,3.4,5,68
101,25,Other,9.7,4.8,0.6,4.6,5.9,7,83
102,28,Other,6.7,1.1,2.2,8.8,1.0,8,87
103,28,Male,7.8,3.1,0.4,8.3,7.3,3,54
104,28,Female,2.5,4.8,0.2,6.9,3.9,2,68
105,29,Male,4.7,1.5,2.6,7.4,7.8,2,84
106,25,Male,4.8,1.5,2.1,4.1,4.9,5,82
107,29,Female,8.4,2.4,0.3,5.7,1.8,1,88
108,29,Female,1.0,5.4,0.1,8.0,7.3,2,60
109,17,Female,3.7,0.0,4.0,4.4,2.5,9,54
110,25,Other,9.8,5.4,0.1,5.4,4.9,7,53
111,23,Male,5.3,0.9,1.8,6.9,0.8,6,81
112,25,Male,4.4,5.9,2.0,5.3,6.2,9,83
113,24,Other,2.1,5.7,0.5,8.7,6.7,7,55
114,17,Female,9.8,3.0,0.7,4.7,3.8,5,54
115,28,Other,1.2,3.1,1.4,8.0,9.5,9,81
116,24,Other,7.6,2.9,3.0,6.5,8.7,6,43
117,24,Other,7.9,3.8,2.0,7.8,7.1,6,66
118,27,Male,3.2,0.5,2.6,5.6,7.1,4,62
119,19,Other,7.0,0.2,3.9,6.6,2.5,1,68
120,17,Male,1.8,0.3,3.1,8.3,6.6,5,80
121,24,Male,3.3,2.7,1.7,6.3,2.0,9,92
122,19,Male,8.1,1.7,1.8,5.8,1.4,8,91
123,19,Female,8.8,3.7,2.5,6.7,10.0,8,48
124,17,Male,6.5,6.0,2.7,7.6,6.2,5,92
125,27,Male,5.6,2.3,2.0,6.2,4.3,9,96
126,21,Female,2.4,3.4,2.6,8.7,2.9,3,95
127,26,Male,1.6,2.5,0.1,5.5,6.0,3,91
128,23,Other,2.1,5.1,1.7,6.4,0.5,1,82
129,26,Other,3.0,5.4,1.1,7.8,0.9,9,82
130,25,Male,4.1,5.3,0.5,7.4,0.3,6,46
131,28,Female,4.4,5.8,0.4,8.3,5.0,2,92
132,23,Other,4.1,0.2,2.4,9.0,6.0,8,81
133,25,Female,3.2,5.0,2.1,6.1,0.6,9,43
134,24,Female,5.6,4.5,1.0,4.6,7.2,9,44
135,28,Other,8.4,1.4,1.9,4.2,2.3,2,44
136,18,Female,3.5,5.7,2.0,7.6,6.9,2,50
137,17,Other,9.5,0.9,0.8,8.4,9.8,7,80
138,23,Female,8.9,4.1,2.6,5.1,6.9,4,67
139,23,Other,2.5,1.3,3.1,4.8,8.8,1,55
140,24,Male,8.1,2.6,3.2,4.3,9.5,8,80
141,21,Other,6.2,4.3,2.4,8.1,4.9,2,93
142,19,Other,6.1,3.4,2.0,5.6,7.0,3,69
143,28,Other,4.5,2.6,0.2,6.0,8.5,5,43
144,24,Other,5.5,2.0,1.2,6.5,3.6,3,41
145,22,Female,4.6,5.0,0.4,8.2,2.6,7,85
146,27,Male,5.9,0.9,3.9,7.3,9.5,7,42
147,19,Other,6.7,2.6,0.5,7.1,7.3,2,89
148,17,Female,7.1,5.4,0.6,4.9,2.2,7,60
149,19,Male,5.8,5.1,3.6,6.6,4.5,6,45
150,21,Male,7.5,2.4,3.8,7.6,8.0,10,82
151,19,Male,2.3,4.6,3.1,8.9,5.5,9,92
152,17,Male,2.9,4.9,0.0,5.0,6.5,9,57
153,21,Other,8.4,5.3,0.0,4.0,7.5,2,83
154,26,Other,3.9,3.3,1.5,4.4,6.2,7,44
155,23,Female,1.2,1.2,0.6,5.9,5.4,5,48
156,23,Female,2.4,1.5,0.1,8.1,7.5,6,59
157,27,Female,3.0,1.8,1.9,4.0,7.3,1,67
158,25,Male,9.6,3.6,3.8,6.3,6.3,7,65
159,26,Male,6.2,0.2,1.3,5.6,3.6,6,57
160,26,Other,9.4,3.8,2.6,4.3,4.1,4,58
161,28,Male,6.2,2.2,2.6,6.3,9.7,1,42
162,29,Male,5.3,1.8,1.0,5.3,1.1,9,48
163,19,Male,3.8,5.3,2.6,5.8,2.7,4,75
164,23,Female,6.5,2.8,0.8,7.5,4.9,2,70
165,17,Female,2.3,0.6,0.5,6.6,8.4,8,88
166,20,Other,9.1,5.0,2.8,4.6,1.6,2,56
167,29,Male,8.5,0.3,0.5,8.8,2.8,5,94
168,20,Male,3.9,4.4,4.0,7.2,0.7,6,62
169,21,Other,9.6,4.6,0.7,7.8,7.1,8,73
170,23,Male,8.4,2.1,2.4,4.4,2.4,1,80
171,23,Male,7.0,4.9,1.6,4.2,3.9,1,80
172,29,Female,2.1,3.1,0.5,4.1,4.4,4,44
173,27,Other,5.3,2.8,0.1,4.9,8.9,5,54
174,29,Other,5.6,0.3,2.5,6.1,4.1,9,86
175,20,Other,3.1,1.7,3.2,8.7,1.5,7,42
176,29,Other,1.7,5.6,3.4,6.3,5.2,7,58
177,23,Female,8.0,2.4,1.9,5.5,9.6,8,67
178,27,Female,2.1,3.3,3.1,6.8,6.1,5,42
179,19,Male,6.3,3.2,2.7,4.6,9.8,5,77
180,22,Male,9.4,3.5,2.9,7.0,8.4,1,43
181,28,Male,8.9,0.4,2.0,6.8,0.4,9,63
182,18,Male,3.5,2.2,2.5,8.0,6.6,6,70
183,26,Female,8.7,4.3,3.2,8.9,2.9,9,84
184,29,Other,1.0,1.2,1.6,5.3,5.6,3,98
185,25,Female,1.2,1.2,3.2,6.5,2.8,5,84
186,21,Male,6.4,0.1,2.4,8.5,3.5,2,98
187,22,Female,4.3,2.6,0.7,7.9,9.2,10,50
188,28,Other,4.5,5.3,0.1,6.4,2.1,5,76
189,28,Other,6.1,0.3,1.5,8.7,8.7,8,40
190,28,Female,2.7,1.1,2.2,4.3,0.3,2,48
191,28,Female,2.9,1.9,3.4,8.7,0.9,8,56
192,20,Female,5.4,4.4,0.5,4.3,8.5,4,93
193,27,Male,7.8,3.8,3.2,6.7,6.3,10,40
194,26,Female,6.6,2.5,3.5,8.5,7.5,10,42
195,23,Female,3.7,4.6,0.6,5.3,2.1,1,86
196,28,Female,4.9,3.7,3.4,6.4,5.4,5,65
197,25,Other,2.5,5.4,4.0,5.6,7.4,1,92
198,23,Other,1.7,4.9,2.9,8.8,6.3,7,70
199,17,Male,8.0,1.5,3.1,8.1,4.7,8,65
200,17,Male,3.4,1.6,4.0,7.5,9.6,3,62
201,25,Other,2.6,0.8,2.4,6.9,6.8,3,69
202,27,Other,7.2,2.0,1.2,8.1,9.1,7,49
203,25,Other,6.6,6.0,3.4,6.0,7.3,4,47
204,20,Female,6.7,2.4,2.5,6.2,7.4,3,83
205,29,Female,3.1,1.3,2.3,7.7,0.8,8,64
206,25,Other,3.1,4.6,1.0,5.8,3.6,3,61
207,19,Female,3.0,3.3,3.0,4.3,8.6,7,54
208,23,Female,2.6,0.9,0.3,4.4,2.3,2,98
209,22,Male,6.9,2.3,3.7,4.6,1.2,1,80
210,24,Other,8.6,2.5,1.3,8.3,3.3,6,95
211,27,Other,7.5,4.5,0.5,6.4,2.2,8,96
212,25,Female,8.1,0.1,1.8,7.6,9.3,1,49
213,21,Other,4.6,1.6,0.2,6.0,8.7,10,59
214,17,Male,6.9,3.1,2.7,5.3,5.0,9,80
215,19,Male,4.2,1.6,3.6,5.7,0.6,3,86
216,26,Male,5.7,3.8,3.3,8.0,7.1,3,62
217,28,Other,5.3,2.9,0.5,7.1,6.2,4,92
218,24,Other,2.6,2.2,0.5,8.7,9.7,1,92
219,27,Other,4.5,5.7,3.3,7.4,5.6,9,40
220,22,Other,9.7,3.8,3.7,6.9,3.4,3,41
221,24,Other,3.2,0.8,1.8,7.1,5.2,10,97
222,25,Male,2.2,3.4,2.0,8.7,9.8,4,58
223,20,Female,4.8,4.7,1.3,7.9,7.0,1,53
224,17,Male,8.1,4.3,3.6,4.1,6.7,4,47
225,17,Other,6.2,1.0,2.6,6.7,2.4,1,77
226,26,Male,7.1,5.8,1.2,7.4,7.4,5,51
227,20,Other,2.7,2.7,1.2,7.7,7.5,5,65
228,28,Other,6.6,1.0,3.6,5.1,3.2,7,66
229,23,Male,3.9,1.1,0.1,8.3,4.8,8,68
230,18,Other,8.5,0.6,1.3,8.8,2.9,4,54
231,19,Female,6.7,4.8,2.2,5.2,2.6,7,85
232,17,Other,2.8,0.7,0.6,8.4,0.3,4,92
233,21,Female,1.6,0.8,0.4,4.5,2.9,3,40
234,17,Female,1.4,5.1,3.3,4.3,5.5,6,99
235,24,Other,4.3,2.1,3.6,4.6,0.0,4,82
236,17,Male,3.4,0.2,3.3,4.3,2.8,3,67
237,27,Female,6.8,0.3,3.6,8.2,8.8,9,96
238,17,Male,5.5,0.9,2.2,4.3,5.9,5,42
239,18,Female,3.4,1.3,3.2,5.4,6.1,7,90
240,18,Other,2.3,4.0,1.5,4.5,4.0,6,57
241,28,Other,2.1,0.9,2.7,5.5,6.8,10,91
242,22,Female,8.8,0.7,4.0,4.5,1.9,5,99
243,23,Other,3.2,4.6,0.9,7.3,8.2,7,73
244,21,Female,6.9,4.0,1.6,4.7,1.2,6,71
245,17,Other,8.3,2.6,1.9,8.3,6.6,10,68
246,17,Male,6.5,3.3,0.6,8.1,3.4,2,64
247,19,Other,8.7,1.9,0.3,4.1,7.5,3,99
248,18,Male,4.5,2.9,3.3,8.5,5.5,2,65
249,21,Other,9.6,3.0,3.9,4.1,4.5,3,78
250,28,Male,2.2,2.3,1.6,5.2,1.7,1,47
251,26,Other,1.9,5.4,0.4,4.2,6.4,8,58
252,22,Male,6.9,0.1,0.3,5.7,9.7,6,93
253,23,Female,9.5,4.7,3.6,6.6,8.3,2,86
254,20,Female,8.3,0.7,1.9,8.0,0.6,8,81
255,23,Male,1.7,4.8,1.3,5.7,3.8,6,61
256,27,Other,3.5,3.7,1.9,7.5,9.3,7,68
257,24,Male,9.4,5.1,1.3,4.9,5.0,1,72
258,27,Other,3.3,0.6,2.0,7.8,6.6,7,77
259,17,Female,8.0,3.4,3.4,5.2,9.1,3,84
260,22,Other,8.4,3.0,2.4,4.7,8.7,8,85
261,24,Female,5.5,4.2,2.8,4.9,5.0,6,74
262,21,Other,4.5,3.2,1.5,4.9,4.4,4,82
263,20,Other,5.1,3.2,3.0,6.6,3.4,8,42
264,18,Other,3.0,2.6,2.7,8.2,7.2,9,58
265,22,Male,9.0,1.9,0.5,4.4,2.9,10,49
266,22,Male,5.1,2.9,2.3,7.5,2.5,2,66
267,27,Female,8.9,0.7,1.0,7.3,3.6,6,54
268,17,Female,2.0,5.8,3.2,8.4,1.8,5,50
269,25,Male,9.9,4.3,1.7,5.2,7.0,5,86
270,28,Female,5.0,5.7,4.0,6.3,6.2,10,65
271,27,Male,1.4,1.4,0.4,8.6,4.8,3,98
272,22,Other,1.3,5.3,3.1,7.3,3.9,8,63
273,29,Female,7.7,4.9,2.7,5.9,9.1,8,52
274,19,Female,6.9,4.1,3.1,4.7,0.3,5,71
275,20,Male,8.2,3.8,1.2,5.3,7.7,8,76
276,28,Female,1.9,1.9,2.0,6.9,9.0,10,43
277,27,Female,1.3,4.9,3.2,7.6,4.5,8,52
278,20,Other,5.6,3.0,0.9,4.6,5.5,3,48
279,19,Female,4.5,0.4,0.9,7.0,9.4,2,96
280,26,Other,5.2,1.9,2.2,6.8,2.1,9,88
281,19,Male,9.9,5.6,2.1,6.6,5.2,2,73
282,19,Female,9.7,5.1,1.1,7.5,4.7,9,95
283,20,Other,9.5,5.9,1.2,8.2,2.6,4,76
284,23,Male,8.1,3.8,1.1,5.6,8.2,2,87
285,20,Female,4.2,1.5,3.1,8.4,9.0,10,46
286,25,Male,4.7,1.0,2.6,4.8,7.8,1,40
287,17,Female,5.9,1.1,3.3,4.9,2.0,4,99
288,24,Male,8.5,0.1,3.9,5.3,0.9,9,97
289,23,Male,1.6,2.3,1.9,4.6,6.1,9,51
290,18,Other,4.8,1.1,0.3,5.2,0.6,4,60
291,24,Male,1.7,2.5,0.2,4.5,6.7,9,50
292,17,Female,5.6,5.6,1.2,8.1,5.3,6,83
293,27,Female,9.1,2.6,3.7,4.7,6.6,1,90
294,28,Other,8.0,5.3,2.1,7.7,5.9,10,97
295,25,Female,3.1,3.6,1.1,4.2,4.2,6,83
296,25,Female,9.8,1.5,1.6,8.7,2.0,9,83
297,18,Female,7.0,2.1,2.4,7.6,3.1,2,53
298,23,Male,1.1,0.5,2.6,4.0,5.2,6,73
299,26,Male,3.3,2.0,0.6,7.8,6.5,2,73
300,19,Female,3.3,4.1,3.9,6.6,7.8,4,64
301,23,Other,1.6,0.4,2.2,7.9,7.7,8,43
302,28,Male,9.6,1.2,0.5,6.6,9.7,7,91
303,26,Other,5.3,2.3,3.6,7.2,2.9,9,94
304,25,Female,9.1,5.9,0.3,7.9,0.7,7,65
305,20,Female,3.9,4.7,3.6,6.0,3.5,1,55
306,28,Male,2.1,4.4,4.0,4.0,7.4,2,49
307,17,Female,5.3,0.7,2.8,8.2,4.4,6,84
308,18,Male,2.0,4.7,3.1,5.9,8.2,7,41
309,17,Female,5.4,4.7,1.3,6.5,5.5,3,74
310,28,Female,9.3,3.6,3.8,4.0,9.3,9,58
311,21,Male,5.7,5.9,2.1,6.5,9.5,7,45
312,21,Male,6.5,2.0,2.9,8.9,0.7,6,58
313,27,Male,2.4,5.6,3.7,5.4,4.6,6,98
314,23,Female,1.4,5.5,3.9,6.0,6.1,1,92
315,25,Female,2.0,0.1,3.3,7.4,2.6,5,91
316,25,Other,6.4,2.7,1.2,8.1,4.1,10,90
317,19,Male,1.9,5.9,3.9,6.1,6.8,3,47
318,19,Female,4.4,0.6,2.5,5.5,2.3,7,53
319,19,Female,6.0,3.3,3.7,8.7,6.0,10,49
320,20,Male,4.5,5.9,2.7,7.4,7.0,3,42
321,24,Other,2.5,3.3,1.2,4.6,0.9,5,77
322,22,Male,3.5,1.1,1.5,4.3,5.0,7,68
323,24,Other,9.4,3.5,2.2,6.4,2.6,3,54
324,17,Female,7.1,1.2,3.2,5.1,7.2,10,62
325,24,Other,5.5,3.1,1.3,5.3,1.9,2,62
326,20,Female,1.1,0.4,2.3,8.4,8.9,6,57
327,27,Male,9.9,3.6,1.4,4.4,4.3,8,85
328,17,Male,7.0,3.1,3.3,7.6,2.0,4,58
329,24,Male,3.9,4.4,1.9,5.4,4.4,9,67
330,20,Other,8.9,3.8,0.3,7.8,4.1,8,65
331,22,Female,3.3,3.3,0.7,7.6,4.3,7,49
332,24,Male,5.9,4.1,0.2,4.0,5.9,7,86
333,20,Male,6.7,0.9,2.0,6.5,5.2,3,43
334,19,Female,3.0,3.6,0.4,4.7,1.5,6,94
335,25,Male,9.8,1.0,0.5,8.3,0.7,5,41
336,19,Female,7.7,5.6,3.8,8.4,7.3,1,42
337,25,Female,6.0,0.4,3.5,6.1,5.6,3,46
338,29,Female,2.6,2.6,1.8,6.2,3.6,1,94
339,18,Female,1.5,4.2,3.9,5.5,8.1,4,55
340,18,Female,3.9,2.7,0.0,7.6,3.9,10,70
341,18,Other,7.8,0.6,2.5,5.8,8.0,3,49
342,22,Male,3.4,3.3,2.5,5.3,3.1,4,58
343,19,Other,5.9,3.8,1.8,6.2,0.7,9,67
344,29,Male,7.6,4.2,1.6,4.5,9.3,3,56
345,25,Other,2.0,2.2,1.8,7.7,3.9,6,67
346,20,Female,7.2,3.4,1.7,4.1,7.9,6,58
347,17,Male,1.8,2.7,2.9,7.2,2.8,7,76
348,20,Male,9.7,4.0,0.5,4.9,6.5,9,62
349,17,Other,5.4,3.5,0.8,5.2,8.7,7,59
350,21,Other,2.4,3.2,0.7,7.2,0.4,1,52
351,20,Male,4.1,1.5,1.0,9.0,8.3,8,52
352,24,Other,4.7,0.0,2.1,7.9,5.7,5,82
353,24,Other,7.8,1.0,0.4,5.1,6.1,9,50
354,23,Other,7.7,0.7,3.5,4.9,5.2,10,87
355,19,Female,6.5,2.7,1.2,8.3,8.7,5,54
356,17,Female,2.0,3.7,0.7,6.2,0.4,5,56
357,17,Other,2.4,1.3,2.7,4.7,2.6,2,93
358,28,Other,1.8,5.6,0.2,8.3,8.8,3,89
359,27,Female,6.2,0.0,2.5,8.1,7.5,10,67
360,19,Female,8.9,4.6,2.8,8.9,0.2,9,58
361,22,Male,4.9,3.8,0.9,8.5,5.2,7,43
362,23,Male,2.4,2.2,0.2,8.3,5.3,1,61
363,22,Female,6.0,0.3,1.5,4.3,4.0,3,61
364,22,Other,8.3,3.8,0.4,4.5,3.0,2,94
365,22,Other,7.7,2.3,0.5,6.8,6.8,1,76
366,29,Other,8.9,5.6,1.0,6.7,2.1,9,78
367,19,Other,3.5,3.3,1.2,6.3,8.0,8,73
368,22,Male,2.7,5.6,2.1,6.0,8.0,5,72
369,24,Female,8.9,1.3,2.7,6.2,4.2,2,83
370,27,Other,6.9,4.4,2.4,6.8,2.8,1,81
371,27,Male,3.8,3.7,0.6,4.0,2.8,7,79
372,18,Other,7.7,4.4,0.7,5.3,4.8,2,72
373,21,Female,8.3,1.3,3.5,6.6,7.2,1,51
374,17,Male,6.5,4.0,2.2,7.6,3.6,2,41
375,28,Female,7.2,3.0,3.5,4.9,6.1,7,98
376,17,Female,4.4,4.5,1.5,6.7,3.8,7,67
377,21,Male,5.8,2.0,2.5,7.6,3.0,10,49
378,28,Male,5.7,5.3,2.1,6.2,0.2,6,61
379,29,Male,8.6,0.5,1.3,4.1,0.0,5,56
380,19,Male,8.6,4.8,1.9,6.2,2.3,3,65
381,20,Male,8.5,5.2,2.0,5.5,4.1,3,42
382,19,Male,1.1,4.9,0.8,8.6,8.5,9,46
383,17,Male,7.7,3.1,1.3,4.6,8.0,4,83
384,17,Other,7.8,2.6,3.2,7.3,2.7,9,47
385,28,Female,7.1,6.0,3.7,4.3,2.4,4,59
386,28,Male,7.8,1.4,1.4,6.2,2.3,2,51
387,29,Other,8.6,3.3,1.2,6.8,3.4,4,74
388,21,Other,5.2,4.0,0.8,5.5,5.0,6,56
389,22,Other,5.5,4.2,2.7,6.3,4.4,6,67
390,19,Female,2.1,1.2,1.3,4.8,2.2,5,80
391,28,Male,4.5,3.9,4.0,5.5,1.3,1,49
392,25,Other,6.8,4.9,1.3,7.1,0.1,3,61
393,21,Female,8.0,0.3,1.6,5.5,1.5,5,77
394,24,Female,3.0,5.5,2.4,8.5,7.1,6,96
395,29,Female,2.2,0.2,3.2,7.1,2.4,1,72
396,17,Other,7.0,2.1,1.9,6.2,4.7,9,61
397,21,Male,1.0,0.1,1.7,4.2,5.9,3,83
398,19,Other,2.6,0.5,4.0,6.5,8.9,10,76
399,28,Other,1.3,5.5,0.0,7.8,8.9,3,52
400,17,Male,2.5,2.1,3.6,5.3,7.5,2,66
401,20,Male,2.6,2.5,0.6,8.0,0.4,8,54
402,29,Male,4.5,1.3,3.1,5.3,5.8,3,61
403,21,Female,4.6,3.6,2.5,8.1,7.9,6,69
404,23,Male,8.9,3.6,1.4,4.4,0.2,2,82
405,17,Other,5.6,2.2,3.5,8.3,5.5,7,79
406,19,Male,7.5,2.0,0.1,6.5,8.6,4,76
407,18,Other,1.9,5.3,0.9,5.5,4.7,9,73
408,25,Female,3.0,2.3,2.3,5.3,0.0,10,83
409,26,Other,7.3,3.0,1.4,6.2,0.1,9,99
410,22,Other,1.5,1.7,2.4,9.0,4.2,7,73
411,26,Male,5.4,4.7,0.1,5.1,1.6,8,97
412,19,Male,6.4,2.4,0.5,4.5,6.6,3,87
413,24,Other,6.4,3.1,0.5,6.9,7.1,5,92
414,24,Male,1.2,1.5,0.8,6.4,1.8,2,74
415,18,Female,3.9,5.9,1.8,6.6,8.9,10,81
416,22,Female,6.7,1.7,3.0,7.3,4.4,7,58
417,23,Male,2.3,4.6,3.6,5.3,1.4,8,47
418,18,Female,7.3,2.6,3.3,8.6,7.6,9,78
419,27,Male,7.7,1.2,0.8,6.2,7.9,7,72
420,26,Other,9.8,4.8,1.8,4.6,6.4,10,83
421,18,Other,2.9,2.0,0.8,7.7,8.5,10,67
422,26,Female,8.4,5.2,1.1,7.2,7.4,8,76
423,17,Male,5.7,5.5,2.0,5.6,8.8,9,87
424,24,Male,4.4,5.2,0.3,7.1,4.3,6,64
425,17,Female,2.1,0.2,0.9,5.1,7.5,10,75
426,25,Other,7.6,4.7,3.7,6.2,10.0,2,56
427,27,Female,3.1,2.5,1.9,8.5,7.2,2,63
428,22,Other,4.3,5.2,1.8,4.7,1.1,4,60
429,23,Male,1.6,3.8,0.1,5.9,5.2,9,41
430,29,Other,8.2,5.0,1.0,8.1,5.9,7,70
431,26,Female,7.9,3.0,3.5,8.8,1.7,2,83
432,23,Male,7.6,3.2,0.7,6.3,9.6,8,72
433,26,Female,3.7,0.9,1.7,6.5,1.8,7,69
434,19,Female,2.6,4.7,0.1,6.9,1.8,9,51
435,18,Other,6.7,2.5,1.9,8.7,9.2,8,83
436,25,Female,5.5,3.0,0.1,8.3,4.7,3,51
437,24,Other,2.6,4.7,3.3,4.9,0.6,1,90
438,29,Male,7.2,3.6,3.3,6.2,6.0,2,96
439,28,Other,9.9,1.2,3.2,6.3,6.0,2,88
440,26,Male,7.7,3.5,1.1,7.9,0.6,4,91
441,23,Other,7.7,2.4,3.3,7.0,9.7,6,63
442,25,Female,9.6,2.8,2.2,7.3,5.4,4,63
443,20,Other,2.8,0.2,1.5,9.0,5.6,9,97
444,29,Other,6.1,1.3,2.5,4.4,5.2,4,99
445,20,Male,9.8,1.7,0.0,5.1,6.1,6,50
446,17,Female,2.5,4.3,0.6,6.0,2.6,6,52
447,24,Other,7.3,0.1,3.0,5.7,2.9,10,66
448,28,Female,6.3,2.5,1.0,4.1,5.1,10,47
449,19,Other,6.3,5.5,2.4,4.5,8.1,1,49
450,23,Other,7.3,0.7,1.5,7.4,0.5,8,47
451,28,Female,9.4,3.1,3.4,8.4,6.0,3,59
452,18,Other,8.0,4.7,3.8,6.6,8.1,6,47
453,18,Female,1.5,5.7,3.5,6.7,1.6,3,48
454,23,Other,8.7,4.5,1.1,5.3,0.2,2,46
455,22,Male,3.0,4.3,0.8,7.8,3.1,5,53
456,19,Female,4.4,5.0,1.9,7.8,5.9,1,67
457,25,Other,5.2,2.7,0.0,6.9,1.4,9,41
458,26,Other,5.3,4.8,0.1,5.1,4.3,7,96
459,29,Male,4.9,0.0,2.2,4.5,5.5,3,82
460,22,Female,9.4,5.5,2.1,4.3,6.0,4,47
461,26,Other,7.4,2.7,4.0,7.0,2.7,6,52
462,26,Male,6.7,3.3,0.8,8.1,4.0,3,60
463,22,Other,1.4,1.5,1.0,8.3,7.8,7,86
464,17,Female,9.1,4.5,0.5,6.3,9.4,6,67
465,20,Other,9.2,0.5,3.7,7.9,8.6,9,74
466,26,Other,8.0,5.2,3.1,8.7,5.6,5,62
467,22,Other,1.1,5.0,3.3,5.4,4.1,4,85
468,22,Other,1.5,1.3,3.6,6.0,3.3,3,54
469,27,Male,3.0,4.9,2.1,8.7,1.2,10,41
470,28,Male,2.2,4.7,1.8,5.7,1.1,1,90
471,21,Female,4.6,3.8,1.3,8.6,6.9,3,51
472,17,Male,9.3,2.2,2.4,8.9,2.6,3,96
473,24,Male,5.2,1.6,1.8,7.3,2.5,7,91
474,21,Female,1.1,1.4,1.8,8.1,10.0,7,75
475,28,Male,3.5,1.9,3.7,7.7,1.9,1,42
476,28,Male,1.4,5.4,3.9,7.5,1.5,3,44
477,28,Female,1.3,0.5,3.2,5.5,1.0,8,42
478,21,Female,3.5,5.0,3.0,4.3,5.8,9,96
479,23,Female,3.5,2.1,2.7,5.7,6.3,7,86
480,20,Other,8.1,3.1,0.7,7.3,3.7,7,58
481,22,Other,9.8,4.8,0.2,4.5,5.4,8,41
482,29,Female,4.3,5.3,2.8,4.1,7.9,6,83
483,20,Female,4.9,2.1,2.9,4.7,8.2,3,76
484,19,Female,8.6,2.8,0.2,7.6,9.6,1,93
485,23,Other,3.4,2.5,3.7,8.9,8.2,7,56
486,24,Other,2.4,0.1,0.4,8.9,5.6,1,53
487,20,Male,8.7,1.8,1.1,6.5,1.8,1,67
488,29,Male,1.4,2.8,2.7,8.3,1.0,9,66
489,18,Female,6.6,2.5,0.7,7.7,0.5,10,93
490,28,Other,6.1,4.3,0.2,6.5,6.7,7,49
491,26,Other,4.1,2.3,1.3,6.9,8.1,4,42
492,19,Other,3.8,2.9,3.1,4.7,5.1,6,75
493,17,Female,7.9,2.6,1.7,8.7,0.5,1,77
494,24,Male,1.8,4.4,2.6,5.8,5.4,7,95
495,19,Female,3.1,5.2,2.3,6.2,9.4,6,64
496,28,Male,7.6,3.2,0.1,7.4,6.0,4,61
497,26,Male,5.9,4.7,4.0,5.7,8.1,7,87
498,23,Female,2.2,1.8,0.2,5.3,8.0,3,78
499,26,Male,8.9,3.2,3.9,7.2,9.3,1,86
500,21,Male,4.5,2.1,2.2,4.1,7.7,4,69
501,26,Other,8.5,2.5,3.9,7.6,7.5,3,60
502,21,Male,8.1,4.4,0.5,6.6,2.3,1,69
503,23,Female,6.6,5.3,2.0,7.0,0.6,2,67
504,25,Female,5.5,0.7,0.7,7.2,5.2,5,70
505,28,Male,9.8,3.8,0.2,6.6,1.2,8,96
506,21,Other,2.3,3.5,2.5,6.9,9.6,1,91
507,17,Other,7.5,0.7,0.8,7.4,2.9,4,65
508,26,Male,2.7,1.3,2.4,7.8,8.5,4,82
509,26,Male,4.0,1.9,0.4,7.6,3.9,5,61
510,17,Female,3.8,1.0,1.3,8.3,3.2,7,60
511,18,Male,9.5,1.5,3.1,4.9,9.4,8,40
512,22,Other,9.7,1.6,1.7,6.0,3.6,6,76
513,25,Male,2.6,2.0,2.5,8.7,3.9,1,52
514,24,Female,1.2,4.5,2.6,6.0,1.1,7,60
515,29,Female,7.5,3.4,3.4,4.6,6.7,3,85
516,21,Female,4.8,5.9,1.3,6.6,2.9,6,48
517,17,Female,1.8,2.5,2.7,4.5,5.9,8,56
518,29,Female,7.2,4.5,3.8,5.0,5.9,7,86
519,23,Male,5.9,5.2,2.9,9.0,7.2,10,60
520,21,Male,9.8,4.1,2.0,6.7,7.5,6,70
521,22,Male,3.0,2.5,2.5,5.4,5.1,9,78
522,29,Male,4.6,4.5,3.0,9.0,3.3,9,98
523,23,Female,5.9,1.2,2.4,8.8,8.4,1,93
524,19,Other,8.1,2.0,0.1,6.2,3.1,1,61
525,28,Male,5.9,3.3,0.8,5.3,5.1,1,51
526,26,Other,6.5,3.5,3.2,8.2,4.0,8,94
527,19,Male,3.0,0.1,1.1,7.6,8.6,10,45
528,21,Male,8.6,5.7,2.9,7.4,4.3,7,92
529,22,Other,4.9,4.2,1.5,8.5,3.9,3,55
530,25,Female,2.3,3.0,2.1,7.4,6.9,2,65
531,29,Male,7.0,5.6,0.3,5.4,6.0,4,44
532,28,Male,2.9,2.6,0.7,7.5,1.1,3,48
533,21,Male,1.9,5.9,3.8,5.5,5.1,7,85
534,17,Other,8.8,3.1,3.6,7.8,7.4,10,79
535,20,Female,5.1,0.7,2.6,7.1,9.9,8,53
536,21,Other,7.7,4.6,1.8,4.4,6.3,6,83
537,28,Other,3.6,4.1,2.7,6.6,3.7,3,81
538,26,Female,8.1,4.6,2.5,5.7,2.3,6,69
539,26,Other,2.0,5.7,2.3,5.6,8.7,2,91
540,21,Female,4.2,4.7,0.2,7.0,8.1,7,91
541,23,Male,9.8,3.7,2.5,5.6,2.3,10,65
542,20,Female,8.1,5.1,3.1,7.9,2.0,7,92
543,17,Male,5.5,4.0,4.0,4.4,7.2,4,84
544,21,Other,4.1,2.4,0.0,7.3,3.1,8,68
545,23,Other,8.8,5.3,2.9,8.0,3.1,4,58
546,26,Male,5.9,1.3,2.3,7.4,1.5,7,86
547,26,Other,7.8,4.3,1.7,6.5,2.6,4,47
548,22,Female,7.8,5.3,0.5,8.8,4.3,5,62
549,21,Male,1.2,4.4,1.6,5.5,7.3,7,92
550,20,Other,2.1,4.2,1.4,4.1,3.4,10,81
551,18,Male,6.9,4.5,1.2,6.2,3.3,3,74
552,20,Female,2.5,2.8,2.9,4.2,2.8,10,70
553,26,Female,3.3,5.2,2.8,8.8,4.8,5,92
554,26,Other,9.5,1.2,2.4,5.0,1.8,3,74
555,19,Female,6.0,0.8,3.8,7.9,4.9,5,71
556,26,Male,7.8,1.7,1.4,7.9,7.0,3,97
557,17,Female,6.0,3.2,1.0,5.1,0.3,10,44
558,24,Male,6.0,3.1,2.6,7.1,0.1,7,55
559,21,Male,1.8,4.9,0.8,4.2,0.8,1,56
560,29,Female,4.1,2.4,1.3,6.4,5.4,9,71
561,20,Other,3.5,2.9,0.9,4.1,8.5,9,77
562,24,Female,4.5,0.1,0.3,8.6,0.0,5,97
563,23,Male,8.2,2.5,3.3,8.9,9.4,9,71
564,18,Male,4.3,3.9,1.0,5.1,1.1,10,91
565,17,Female,5.1,0.1,1.9,5.0,8.4,6,59
566,28,Other,4.6,1.7,0.2,7.8,4.8,5,87
567,27,Other,1.8,1.2,2.8,5.3,6.6,3,95
568,20,Male,5.0,0.3,1.3,8.5,5.1,8,41
569,24,Male,2.8,2.9,3.0,6.9,4.8,4,59
570,28,Other,2.7,1.1,1.6,5.8,8.3,10,86
571,18,Female,1.8,4.5,0.8,8.2,7.6,3,57
572,19,Male,4.2,5.1,2.1,6.5,4.8,6,40
573,28,Male,7.8,3.3,0.5,8.6,1.1,8,97
574,17,Other,3.5,5.9,1.8,8.6,1.2,9,68
575,17,Female,3.8,2.7,1.3,4.8,8.0,6,68
576,29,Other,6.8,3.1,3.6,4.0,5.3,5,58
577,19,Female,2.8,5.9,0.2,8.9,4.8,2,83
578,27,Female,9.1,1.4,2.8,8.5,6.8,2,79
579,21,Female,5.7,5.7,0.7,4.3,8.6,9,45
580,28,Male,5.0,0.3,1.3,8.2,6.3,2,83
581,19,Other,6.0,2.7,1.7,6.3,7.6,2,78
582,17,Other,2.5,0.4,3.6,5.3,7.7,3,89
583,17,Female,6.5,4.4,1.0,8.4,3.6,3,93
584,24,Male,4.3,3.7,0.4,5.0,2.7,4,85
585,26,Male,9.1,4.2,1.3,8.7,8.0,7,47
586,27,Other,2.5,2.2,0.4,5.0,3.8,9,63
587,28,Male,5.6,2.2,0.5,7.1,9.0,2,59
588,29,Male,6.4,0.3,2.3,5.1,0.7,4,93
589,29,Female,1.3,2.1,0.2,6.7,0.6,9,53
590,28,Male,4.3,5.6,0.1,7.4,9.3,2,44
591,18,Female,7.6,2.3,2.9,5.0,6.5,10,80
592,29,Other,8.4,5.0,1.4,6.6,3.8,1,79
593,19,Male,3.8,5.1,0.5,6.3,7.6,10,73
594,18,Other,8.2,2.2,1.0,4.4,6.7,8,99
595,19,Other,9.7,3.8,2.6,8.1,5.3,9,55
596,23,Male,8.7,0.6,1.1,5.7,1.0,7,84
597,17,Male,2.1,0.6,2.0,6.9,8.1,8,46
598,26,Other,7.7,0.3,0.5,6.6,8.7,4,55
599,24,Male,3.9,3.5,2.4,6.6,1.7,4,46
600,29,Female,9.9,2.6,1.3,4.5,8.5,2,66
601,26,Female,5.4,3.3,2.5,6.1,8.8,8,53
602,26,Male,2.1,3.1,3.2,6.3,5.5,2,53
603,26,Other,7.5,2.1,2.4,7.7,6.6,9,83
604,18,Male,3.9,4.1,1.2,8.2,3.8,4,72
605,19,Male,10.0,4.6,1.0,6.7,2.8,1,72
606,25,Other,9.8,0.1,1.3,4.4,7.2,4,83
607,23,Other,6.9,1.2,0.7,5.2,8.6,3,59
608,20,Female,2.2,4.3,0.7,4.8,6.5,6,92
609,26,Other,7.2,2.3,3.2,4.6,5.1,7,86
610,21,Female,1.8,4.0,1.5,5.8,1.6,8,75
611,18,Other,1.3,2.1,1.7,5.1,0.5,2,46
612,29,Male,8.4,2.3,2.4,5.1,4.5,6,71
613,27,Female,2.9,1.0,2.4,4.3,0.5,6,87
614,29,Female,4.4,1.5,0.3,4.1,5.7,10,42
615,24,Female,9.8,3.6,3.3,4.5,3.8,5,78
616,20,Male,4.0,2.6,0.7,4.9,7.6,10,68
617,25,Male,3.7,4.6,2.9,6.2,3.1,10,63
618,21,Male,9.3,5.1,3.1,6.6,5.9,7,61
619,29,Male,2.0,3.2,2.9,4.7,5.4,3,45
620,25,Male,7.8,4.5,2.3,6.1,0.0,4,87
621,20,Female,9.9,1.8,0.1,5.7,0.7,10,63
622,26,Male,9.1,2.5,1.4,4.9,2.9,9,79
623,21,Female,6.9,4.3,2.4,4.0,8.8,4,62
624,25,Male,3.8,2.3,1.5,6.3,1.5,3,93
625,24,Other,3.3,3.5,3.5,7.4,7.1,2,77
626,19,Female,8.4,1.1,1.2,5.1,9.7,5,49
627,17,Other,8.9,3.6,1.2,4.7,7.9,4,55
628,19,Female,5.7,5.2,1.1,8.4,2.4,8,50
629,20,Other,3.2,5.2,1.3,5.4,9.1,7,71
630,18,Male,2.0,4.3,2.2,5.1,0.9,6,84
631,17,Male,1.8,4.5,2.8,8.3,4.7,2,45
632,23,Male,7.5,3.3,2.7,8.1,8.9,3,63
633,24,Female,4.8,3.5,3.2,6.2,6.4,10,72
634,23,Other,9.1,0.8,3.5,6.4,4.1,9,92
635,21,Male,7.7,2.7,3.3,5.1,2.9,9,90
636,28,Other,2.7,2.7,0.1,4.4,3.8,5,51
637,17,Other,6.5,5.8,2.9,6.9,5.1,3,95
638,23,Male,4.9,2.6,0.8,4.5,3.2,2,66
639,29,Male,6.2,3.3,0.5,6.2,9.7,8,77
640,23,Other,7.6,3.2,2.6,8.7,9.3,6,57
641,25,Male,8.3,3.8,1.3,8.8,8.7,10,84
642,19,Male,8.6,4.5,0.2,5.2,4.2,7,78
643,25,Male,3.3,1.4,0.6,7.1,6.9,1,94
644,17,Female,1.3,3.2,0.0,6.4,9.0,1,52
645,17,Other,7.7,5.0,3.6,8.4,8.5,10,92
646,20,Other,2.0,2.8,0.1,5.4,4.1,2,79
647,25,Female,3.8,1.7,0.8,4.0,1.1,10,69
648,22,Other,1.0,3.9,1.7,4.8,0.8,3,92
649,29,Male,7.1,4.9,1.4,5.7,5.8,1,88
650,27,Other,2.5,0.4,3.6,5.6,6.4,5,80
651,19,Male,6.9,4.7,0.2,8.0,8.5,3,91
652,17,Female,9.9,4.9,2.0,7.4,2.9,1,52
653,20,Male,1.7,2.8,2.7,5.5,1.7,8,73
654,28,Other,1.7,5.9,3.7,6.3,3.8,6,75
655,29,Other,4.1,4.7,2.5,4.5,3.5,9,69
656,25,Other,8.8,4.6,3.2,8.5,1.3,3,64
657,19,Female,2.9,4.5,0.3,8.7,6.7,9,41
658,28,Female,4.2,0.9,1.5,8.9,5.1,9,75
659,25,Other,1.6,1.3,1.5,8.3,7.2,1,57
660,23,Male,7.9,2.8,3.5,4.9,3.5,3,44
661,28,Female,4.7,1.6,0.6,4.2,3.3,6,58
662,20,Other,7.8,2.5,0.6,6.9,4.7,8,81
663,19,Other,9.1,5.3,1.3,8.6,8.8,4,57
664,26,Female,3.1,4.9,0.2,4.9,0.4,5,96
665,21,Female,8.3,3.8,0.7,4.0,8.0,9,71
666,21,Female,1.5,5.1,3.9,8.0,3.7,6,60
667,19,Male,9.1,4.7,1.7,4.4,8.5,7,49
668,28,Male,6.9,2.6,2.5,6.1,8.0,7,76
669,25,Other,8.9,1.2,2.9,7.4,3.5,4,88
670,20,Female,1.0,3.1,1.5,5.2,6.9,4,61
671,27,Male,2.5,4.4,0.6,4.4,1.6,4,52
672,21,Female,4.5,2.6,0.8,7.9,9.0,5,94
673,20,Other,4.4,4.0,1.3,7.2,4.0,5,56
674,21,Male,3.0,0.6,2.5,8.9,4.6,8,48
675,23,Male,4.4,4.5,1.6,5.7,7.1,9,63
676,25,Male,2.2,4.9,0.0,4.3,8.2,2,83
677,23,Other,4.7,4.2,2.1,7.7,2.4,7,53
678,29,Female,8.2,5.8,3.7,6.6,6.6,1,85
679,21,Male,5.3,5.0,3.2,5.1,3.9,1,47
680,26,Other,1.2,5.4,3.3,7.9,3.7,4,94
681,26,Female,4.8,5.6,3.2,5.0,6.9,10,76
682,23,Other,1.2,4.8,1.3,5.3,3.9,7,58
683,26,Female,9.7,4.0,3.1,4.5,3.5,2,67
684,21,Other,2.1,0.0,0.6,6.0,8.4,2,85
685,19,Female,7.4,2.8,2.6,6.1,1.0,1,80
686,23,Male,9.8,3.4,2.6,6.6,6.8,10,69
687,29,Female,8.4,1.8,0.1,7.5,2.5,2,46
688,27,Other,7.3,1.9,3.2,8.5,0.2,7,98
689,27,Other,8.6,5.8,3.6,4.7,1.7,9,97
690,18,Female,9.8,5.4,1.1,4.3,6.1,6,65
691,28,Male,6.6,5.1,3.2,4.1,7.1,10,79
692,25,Male,6.0,2.4,0.3,4.7,0.2,2,85
693,26,Female,6.7,0.1,2.4,7.3,0.4,10,93
694,26,Female,5.8,0.5,1.9,7.6,9.0,10,99
695,28,Other,6.7,1.9,2.2,7.9,0.7,9,85
696,17,Male,5.0,0.1,3.7,5.2,8.9,7,50
697,29,Female,3.0,0.1,3.5,5.5,2.3,1,53
698,22,Male,2.1,5.5,3.1,6.4,7.4,9,60
699,23,Female,1.6,4.2,1.1,4.3,3.1,2,47
700,29,Female,3.4,1.9,3.6,7.1,8.6,4,42
701,24,Male,1.4,0.8,0.4,8.9,7.0,9,67
702,26,Female,6.1,3.1,3.4,5.8,4.0,4,68
703,25,Female,3.6,0.0,1.3,7.8,0.8,3,62
704,18,Other,8.4,5.6,0.2,6.5,7.3,1,57
705,27,Female,1.7,2.5,2.7,4.6,6.2,7,74
706,26,Female,3.0,2.4,0.9,6.9,0.0,6,52
707,18,Female,7.6,2.3,1.0,5.5,0.1,10,51
708,21,Other,6.4,0.4,1.2,4.2,8.1,4,86
709,29,Male,1.6,3.8,0.3,7.2,2.6,6,89
710,21,Other,8.9,4.4,0.7,8.3,6.4,6,44
711,22,Other,8.9,4.1,0.0,5.7,4.5,4,78
712,19,Male,4.0,0.8,1.8,6.0,8.6,6,50
713,24,Other,4.1,3.5,0.3,8.5,9.2,10,97
714,29,Male,9.9,3.4,2.7,8.1,10.0,8,98
715,17,Other,6.6,5.2,0.9,7.6,1.5,3,50
716,22,Male,5.8,2.3,3.8,5.2,8.6,4,98
717,20,Female,8.5,2.2,3.5,8.6,2.7,10,86
718,17,Other,3.6,3.7,1.2,4.8,5.9,1,81
719,23,Other,4.9,3.8,3.1,7.1,5.1,4,86
720,25,Other,3.4,2.8,3.2,4.1,0.2,10,70
721,29,Other,8.1,2.7,3.9,7.2,9.3,10,70
722,20,Female,6.2,3.0,2.4,5.4,0.8,9,52
723,20,Other,6.9,5.2,0.3,6.2,6.9,8,53
724,22,Female,3.3,2.8,2.6,5.7,7.9,4,88
725,28,Female,3.0,5.6,2.5,4.9,8.0,7,84
726,19,Female,5.4,3.0,2.6,7.1,1.4,10,81
727,29,Female,7.6,5.7,1.2,8.4,4.5,3,64
728,28,Male,5.7,5.0,3.4,8.8,8.3,9,72
729,22,Male,1.3,2.2,3.8,5.0,3.0,10,72
730,23,Other,8.8,5.2,0.9,7.6,4.7,4,54
731,27,Male,1.6,0.7,0.4,7.3,2.7,2,55
732,26,Male,9.6,5.6,0.8,5.7,4.6,10,83
733,26,Other,1.2,3.8,3.3,4.1,8.9,5,97
734,19,Other,7.3,0.3,2.7,7.4,4.6,2,95
735,23,Other,1.7,3.9,2.5,8.7,5.6,10,77
736,19,Male,9.2,5.8,1.6,7.2,4.0,6,45
737,29,Male,5.2,0.4,2.3,6.2,4.6,10,83
738,29,Other,2.2,3.3,1.2,6.6,0.2,1,64
739,18,Female,4.1,4.5,1.9,5.0,2.8,6,54
740,28,Other,2.5,4.9,3.2,7.8,4.4,4,43
741,26,Female,2.5,2.5,3.9,7.7,6.3,3,95
742,20,Female,9.5,1.2,3.7,4.7,4.5,2,43
743,28,Other,5.0,0.3,3.7,8.4,3.4,7,69
744,24,Other,8.1,3.5,1.6,5.3,3.9,9,73
745,29,Other,6.8,2.7,1.9,8.9,2.4,3,66
746,25,Male,7.1,5.7,2.8,5.9,9.2,6,70
747,23,Female,2.2,0.4,3.7,4.9,5.2,9,95
748,17,Male,3.1,4.1,0.6,5.8,0.1,2,71
749,19,Male,8.1,0.1,1.2,6.2,0.2,7,83
750,29,Other,9.7,1.0,0.6,4.3,9.7,5,78
751,28,Male,3.4,2.7,2.4,6.9,2.2,5,91
752,25,Other,3.4,2.7,1.2,7.0,8.1,7,48
753,28,Female,5.3,4.1,1.3,7.7,0.6,9,80
754,17,Other,9.9,5.5,0.3,4.1,9.2,4,47
755,25,Male,3.4,3.8,1.4,6.7,8.7,9,53
756,24,Male,4.7,5.7,3.4,4.3,5.7,10,72
757,17,Other,9.0,5.3,0.9,7.5,0.1,9,62
758,22,Other,1.0,3.5,2.8,4.3,2.6,4,60
759,21,Male,1.4,5.0,2.5,8.6,4.1,3,94
760,22,Female,6.4,3.9,3.5,7.5,4.6,2,51
761,26,Female,9.2,0.5,0.5,6.5,3.0,9,96
762,28,Other,3.1,4.4,3.9,6.2,0.3,2,41
763,29,Female,5.2,0.6,2.3,4.7,5.9,6,52
764,29,Male,5.1,3.6,4.0,5.5,5.2,5,98
765,29,Other,5.3,4.2,3.6,8.3,2.8,5,43
766,21,Male,6.6,0.4,0.9,8.5,0.4,4,59
767,22,Male,5.2,1.4,0.2,4.0,9.9,6,89
768,21,Female,5.0,5.5,1.0,7.0,4.8,5,90
769,27,Other,5.3,3.7,2.1,7.6,7.6,4,87
770,28,Other,6.3,1.5,0.7,7.1,4.5,9,98
771,21,Female,5.8,4.1,0.7,4.4,0.4,6,53
772,20,Male,8.7,3.6,1.9,5.1,3.1,10,69
773,19,Male,1.4,3.0,0.1,5.3,3.2,10,68
774,19,Male,8.5,5.9,0.5,8.2,8.4,10,47
775,20,Male,8.6,4.1,1.7,6.3,6.5,3,51
776,25,Other,3.6,2.3,0.3,6.4,2.8,10,80
777,18,Other,5.2,4.8,1.6,8.7,9.7,6,77
778,25,Female,4.9,5.3,1.9,7.2,3.2,1,65
779,17,Female,3.0,0.8,1.8,8.5,10.0,5,89
780,17,Other,4.6,1.2,3.5,6.3,10.0,10,41
781,21,Other,1.4,1.3,2.1,4.7,1.9,6,94
782,22,Male,3.5,4.1,1.9,8.6,3.1,8,79
783,22,Male,8.4,3.6,1.6,6.3,4.9,9,95
784,19,Female,3.6,3.7,3.3,4.9,6.6,3,53
785,23,Other,8.4,5.6,3.6,5.5,5.3,2,45
786,25,Female,5.8,4.7,3.4,4.3,9.7,4,81
787,27,Other,8.9,0.8,2.7,6.3,7.2,8,79
788,28,Male,6.2,2.1,0.5,8.3,2.1,8,70
789,26,Female,1.3,2.6,1.1,8.7,1.1,3,56
790,24,Female,7.1,2.4,0.2,8.7,6.9,4,64
791,22,Other,1.4,4.0,3.7,4.6,1.6,3,71
792,28,Male,5.1,5.4,2.6,5.9,7.9,10,51
793,24,Female,9.4,1.8,3.0,4.1,3.1,2,88
794,28,Male,2.5,3.3,1.2,8.3,3.3,4,52
795,21,Female,4.5,4.7,3.4,5.8,0.1,6,58
796,24,Male,7.6,2.5,1.0,7.2,7.0,5,83
797,26,Other,8.9,1.0,0.0,7.6,1.1,3,87
798,28,Female,7.0,2.8,1.5,6.1,7.7,2,64
799,20,Female,3.3,0.3,2.3,5.5,4.9,9,70
800,26,Male,7.1,5.7,1.9,8.8,7.8,1,98
801,24,Male,3.7,0.4,3.4,8.8,5.8,9,76
802,26,Female,7.5,2.6,0.4,5.4,0.8,1,64
803,28,Other,9.6,3.2,2.2,6.4,7.7,7,55
804,18,Male,7.5,5.9,2.1,8.9,0.7,6,96
805,28,Male,8.8,1.0,1.1,4.0,4.8,7,77
806,28,Male,1.0,0.7,3.3,6.1,1.7,3,82
807,21,Female,7.5,0.1,3.0,4.5,7.5,3,88
808,25,Female,8.5,0.9,2.9,6.5,9.1,1,97
809,20,Female,1.4,1.2,3.5,4.1,5.5,4,62
810,27,Female,8.8,3.8,2.9,6.0,5.3,2,53
811,22,Other,3.3,1.3,0.9,5.1,7.6,10,45
812,17,Other,7.0,0.1,2.8,6.7,0.1,8,64
813,25,Female,8.2,5.0,1.2,9.0,9.2,3,62
814,17,Other,7.0,2.2,1.0,8.0,2.0,7,99
815,21,Male,1.8,2.1,0.3,8.2,9.8,7,82
816,20,Male,6.4,1.8,3.0,7.2,7.4,9,51
817,29,Male,5.9,5.9,2.8,4.2,7.7,6,52
818,28,Female,9.1,1.0,0.9,5.0,6.6,1,75
819,29,Male,4.6,5.4,3.0,8.6,4.7,8,78
820,29,Other,3.9,4.7,3.7,5.8,5.7,1,73
821,19,Female,7.7,0.5,0.4,4.5,0.5,3,45
822,29,Other,4.7,5.9,0.9,7.5,6.2,5,77
823,22,Male,6.8,1.6,3.0,5.5,6.3,8,89
824,18,Male,6.8,0.6,1.1,5.3,8.9,9,91
825,19,Male,9.0,5.0,2.5,9.0,5.1,7,79
826,21,Female,6.4,4.2,0.3,8.3,0.8,9,47
827,25,Other,5.5,3.7,1.8,6.0,3.1,3,47
828,18,Female,2.2,0.9,3.0,8.9,6.6,5,79
829,26,Female,2.0,2.9,2.7,7.3,2.4,10,72
830,24,Male,2.4,4.7,3.3,7.7,2.8,8,73
831,18,Female,2.5,1.8,3.5,4.2,8.2,1,83
832,27,Female,6.7,1.9,3.1,4.6,5.8,8,54
833,29,Male,7.7,0.0,2.7,7.2,5.1,7,75
834,21,Female,5.8,1.0,0.1,8.5,3.2,1,99
835,23,Male,8.5,5.3,2.1,7.1,7.3,10,96
836,24,Male,9.9,2.7,0.2,4.7,2.9,10,74
837,17,Male,8.4,5.9,3.2,4.6,7.4,6,85
838,22,Male,7.3,2.4,1.3,8.2,0.7,1,61
839,17,Female,5.8,4.3,2.2,4.7,8.6,2,62
840,18,Male,5.0,1.7,1.1,6.6,5.0,5,79
841,17,Male,1.8,2.2,3.1,4.2,4.4,2,84
842,27,Female,4.6,1.1,3.5,4.4,6.1,10,94
843,21,Female,9.2,2.1,1.6,7.4,6.2,1,90
844,26,Other,8.3,3.3,3.5,7.4,1.3,6,61
845,25,Female,2.9,6.0,1.1,5.7,7.6,8,44
846,22,Female,5.2,4.0,2.1,5.1,2.8,8,70
847,27,Other,8.4,1.2,3.4,8.1,9.0,8,52
848,27,Female,1.6,0.3,1.3,5.1,8.2,6,67
849,17,Female,4.5,0.8,3.8,6.7,3.5,3,97
850,29,Female,8.7,3.4,0.5,8.8,8.1,1,59
851,17,Female,4.6,4.6,0.1,4.7,3.6,2,72
852,18,Other,1.7,5.6,3.6,8.7,1.0,5,55
853,25,Female,5.9,0.1,0.3,4.9,9.6,10,68
854,19,Female,8.8,3.1,4.0,6.8,6.5,5,62
855,17,Other,6.3,2.8,3.8,5.9,4.6,10,63
856,21,Male,3.0,3.9,0.5,8.8,4.0,1,73
857,23,Other,4.5,3.4,2.2,5.4,3.2,1,46
858,22,Male,5.1,4.1,0.7,6.0,9.8,9,77
859,28,Other,6.2,3.9,1.7,8.9,1.3,2,76
860,17,Other,7.8,0.7,0.2,6.7,3.1,7,43
861,21,Female,1.9,4.8,0.9,6.5,4.9,10,73
862,21,Male,9.0,0.7,1.5,5.3,4.8,4,81
863,22,Female,1.1,4.2,1.8,7.5,4.7,7,61
864,19,Male,4.3,2.5,3.9,4.1,1.8,8,44
865,21,Other,1.2,3.1,3.2,4.2,1.4,5,89
866,23,Other,4.5,5.4,2.9,7.0,2.5,1,81
867,21,Male,5.7,5.3,2.1,5.7,9.1,4,62
868,21,Female,5.6,4.9,3.4,8.8,1.1,10,93
869,21,Female,2.5,3.1,1.4,8.5,7.6,3,99
870,26,Female,6.8,4.4,2.8,7.6,7.6,10,54
871,26,Female,1.4,3.1,4.0,8.1,8.1,5,70
872,19,Other,7.9,5.2,1.3,7.3,8.9,10,98
873,17,Other,9.5,2.4,2.7,4.6,2.6,10,48
874,21,Other,4.1,5.8,3.4,7.8,2.2,6,82
875,25,Other,5.7,5.6,3.7,5.1,4.7,2,97
876,17,Other,4.4,4.4,2.9,5.6,2.7,7,92
877,19,Female,1.1,1.7,1.1,8.1,7.3,3,64
878,29,Female,4.5,0.8,1.3,6.7,6.4,1,64
879,29,Female,8.1,5.1,0.1,8.3,8.7,10,88
880,20,Female,6.4,1.0,3.0,5.1,0.8,3,60
881,17,Other,1.9,5.1,0.2,7.0,9.2,9,48
882,17,Other,8.6,2.9,3.5,4.4,2.9,10,94
883,24,Other,5.8,2.4,0.5,7.2,4.9,6,87
884,18,Male,8.6,5.4,0.7,7.8,4.4,6,77
885,28,Female,6.2,3.6,1.9,6.9,7.6,4,61
886,24,Female,6.0,3.5,3.0,5.3,4.2,8,82
887,23,Other,1.9,3.4,0.6,4.2,9.4,5,62
888,26,Female,2.5,2.2,1.8,4.6,9.0,7,88
889,26,Female,9.7,4.7,1.9,7.1,8.7,9,43
890,18,Other,3.1,1.5,0.8,8.7,0.7,5,68
891,22,Male,9.8,5.6,0.5,5.0,8.5,5,54
892,22,Male,5.8,5.4,3.3,7.7,7.8,4,40
893,19,Male,2.2,2.0,2.0,8.3,1.0,6,93
894,27,Other,1.9,4.4,0.1,6.6,1.1,2,69
895,18,Female,2.9,3.4,3.2,7.3,1.0,3,68
896,28,Other,9.3,2.0,3.9,8.1,0.1,1,59
897,17,Other,4.7,5.9,2.4,5.3,5.5,2,72
898,22,Female,4.6,0.2,2.0,5.5,9.7,2,80
899,28,Male,3.8,1.5,3.5,4.0,4.4,8,83
900,21,Male,2.3,3.1,3.8,8.8,5.4,8,75
901,27,Other,5.4,3.1,3.0,8.6,9.7,2,99
902,25,Male,2.2,3.5,1.8,7.8,2.6,6,61
903,17,Other,8.5,4.5,2.4,4.4,8.6,5,52
904,23,Other,4.3,3.7,2.8,6.2,5.5,3,46
905,21,Female,4.4,3.6,0.8,4.5,5.7,5,47
906,21,Female,5.3,0.3,1.8,4.1,3.4,5,67
907,18,Female,5.0,2.3,3.3,7.1,5.6,5,84
908,27,Other,10.0,1.4,2.6,8.8,0.7,3,82
909,19,Female,5.9,1.6,1.6,8.5,7.6,3,48
910,23,Male,1.8,3.3,2.7,7.5,2.8,4,64
911,22,Male,6.5,1.2,0.5,4.5,8.9,7,95
912,28,Other,2.4,1.8,1.6,5.4,3.7,2,55
913,18,Other,1.3,1.4,3.2,5.6,1.4,10,49
914,22,Female,9.7,5.7,0.9,7.8,7.0,4,50
915,18,Other,8.0,5.7,0.7,8.0,1.6,4,70
916,18,Other,9.8,3.7,3.8,5.9,7.5,1,51
917,18,Male,5.3,5.5,0.8,6.1,9.7,10,99
918,27,Male,5.8,4.7,1.0,4.2,7.8,8,70
919,19,Female,2.5,3.5,3.9,5.4,0.2,1,53
920,18,Other,3.2,0.0,2.9,6.3,6.0,8,90
921,20,Other,8.5,4.6,2.8,4.6,7.0,7,83
922,25,Male,4.2,4.2,3.4,6.3,8.3,9,71
923,22,Other,8.4,3.7,0.5,8.3,0.6,8,89
924,17,Male,7.4,4.6,2.8,6.9,4.8,5,92
925,24,Female,2.6,3.1,2.0,4.4,5.4,8,56
926,28,Male,5.6,4.2,3.3,5.0,1.7,10,74
927,23,Other,7.1,5.6,2.0,6.4,3.2,3,40
928,26,Female,3.1,2.3,2.5,5.8,4.4,10,68
929,19,Male,8.5,4.2,1.9,5.8,8.3,7,90
930,17,Male,5.9,2.9,1.9,6.6,9.3,4,43
931,21,Female,2.5,4.0,3.1,6.9,6.3,5,62
932,29,Female,6.2,4.6,2.5,8.0,3.9,9,67
933,20,Male,10.0,0.3,2.5,5.7,2.5,7,55
934,26,Other,2.4,3.9,1.8,8.0,9.8,4,51
935,24,Male,8.4,1.4,2.1,5.7,9.8,6,92
936,17,Female,2.9,4.0,3.0,4.3,9.2,10,60
937,26,Male,8.0,2.8,3.3,6.8,7.9,7,84
938,17,Female,7.6,4.6,2.8,6.9,3.3,10,56
939,28,Female,3.7,0.7,3.7,8.7,8.2,9,79
940,20,Other,3.9,3.8,3.3,7.6,4.1,4,52
941,24,Female,8.1,1.7,2.2,8.6,3.3,10,91
942,21,Female,5.2,5.1,2.7,8.5,7.4,3,97
943,18,Other,7.6,5.6,3.7,7.0,0.8,8,71
944,22,Female,2.3,6.0,2.5,6.6,0.5,1,76
945,21,Other,8.7,4.8,3.3,6.8,4.5,9,89
946,18,Other,7.4,4.5,2.8,8.9,4.5,1,54
947,29,Female,9.2,1.3,2.2,7.9,9.0,2,51
948,27,Female,2.2,2.0,1.0,4.5,1.3,8,88
949,27,Male,6.3,2.8,1.7,7.9,1.2,9,96
950,27,Other,6.4,4.6,3.9,4.9,1.5,7,54
951,19,Male,4.2,5.5,2.6,6.2,0.3,3,73
952,25,Female,5.1,1.1,2.3,5.1,0.7,7,45
953,23,Male,1.3,5.5,3.7,7.4,6.6,6,56
954,23,Other,7.7,4.2,2.3,8.4,4.3,2,87
955,27,Male,5.9,3.7,2.1,5.5,7.6,3,88
956,22,Other,1.5,1.2,3.0,4.4,9.9,10,96
957,24,Female,7.1,0.3,2.9,5.5,6.6,10,59
958,20,Female,5.2,3.4,0.8,7.4,0.5,5,48
959,24,Other,1.3,3.9,1.9,5.6,1.0,10,98
960,20,Female,9.7,1.3,1.9,5.4,8.8,4,44
961,24,Female,9.5,3.3,1.5,4.9,5.3,2,62
962,25,Female,5.6,5.1,2.1,6.5,8.2,4,72
963,19,Female,1.8,5.0,1.7,5.4,8.6,8,77
964,19,Other,7.8,5.6,0.8,7.7,9.3,5,95
965,27,Male,5.4,2.2,1.6,4.4,9.5,5,53
966,29,Male,3.7,1.9,0.3,7.3,5.5,10,56
967,18,Female,5.4,4.5,2.3,5.2,3.4,3,96
968,29,Male,5.7,2.6,3.4,6.4,9.6,8,58
969,26,Male,6.1,0.5,2.9,5.4,5.5,6,72
970,19,Female,5.0,1.7,1.4,7.6,0.6,2,40
971,19,Female,6.5,2.5,0.3,8.7,6.4,2,52
972,21,Male,9.3,1.8,0.8,8.6,5.9,9,85
973,21,Other,4.3,2.0,2.2,6.9,9.0,7,66
974,18,Female,7.5,1.8,0.8,6.3,6.5,10,45
975,28,Other,9.1,0.2,2.2,8.1,3.5,9,98
976,26,Male,5.1,3.8,0.9,7.4,9.7,6,45
977,29,Female,5.0,3.6,3.4,4.9,8.0,5,72
978,22,Other,6.4,3.9,1.6,8.1,6.3,1,69
979,21,Female,6.3,1.2,1.0,6.1,2.9,6,85
980,22,Male,8.3,1.8,3.2,4.9,3.7,6,74
981,17,Other,5.3,3.7,1.4,5.4,6.7,3,62
982,21,Male,10.0,3.6,0.4,5.3,0.7,3,49
983,25,Male,1.5,3.0,2.3,6.6,2.6,3,90
984,28,Female,1.0,2.1,2.3,5.2,7.1,3,58
985,26,Other,6.8,5.5,2.9,4.6,4.8,7,90
986,18,Male,3.7,2.0,1.0,4.6,4.0,10,67
987,17,Male,3.2,2.7,1.8,6.9,1.5,2,62
988,26,Other,3.8,4.1,1.1,7.7,4.4,10,43
989,29,Male,3.3,3.3,0.3,5.6,7.7,10,59
990,27,Male,1.3,2.1,3.5,4.2,2.6,2,58
991,25,Other,9.7,2.6,2.9,4.6,0.1,3,81
992,26,Other,3.0,4.8,1.2,8.6,6.7,10,66
993,25,Other,7.6,1.7,2.4,6.5,9.7,7,96
994,25,Other,7.9,0.9,0.8,6.3,6.1,3,73
995,22,Female,9.4,1.9,3.6,4.2,1.2,7,43
996,24,Other,1.3,5.1,0.5,7.6,3.2,9,95
997,27,Female,8.8,0.5,0.0,6.6,8.7,10,77
998,29,Female,5.7,6.0,2.0,5.0,2.3,4,46
999,17,Female,6.7,3.2,2.3,4.6,6.1,7,87
1000,26,Male,6.8,5.9,2.3,5.9,4.0,9,46
1001,20,Female,8.4,5.6,0.2,8.2,2.1,8,89
1002,17,Female,4.0,2.7,1.3,8.3,8.1,8,91
1003,24,Male,7.6,1.2,2.0,7.0,7.4,9,65
1004,17,Male,5.8,1.0,0.9,7.6,6.6,5,65
1005,19,Male,8.1,1.4,3.5,4.6,2.4,5,93
1006,29,Other,9.9,4.3,0.3,6.9,1.0,3,58
1007,20,Male,2.8,1.6,1.9,7.3,5.8,5,48
1008,24,Male,10.0,2.0,2.8,5.0,5.5,8,59
1009,22,Female,1.8,2.7,1.0,8.4,1.9,5,81
1010,26,Male,1.0,5.5,2.5,5.0,0.6,4,84
1011,28,Other,1.4,1.1,3.3,5.6,0.8,8,89
1012,23,Male,4.1,0.0,0.8,7.1,9.9,7,55
1013,24,Other,6.7,0.4,3.7,7.2,7.8,6,93
1014,18,Male,1.6,5.4,2.2,7.5,9.2,5,56
1015,29,Male,1.1,3.9,1.2,4.6,2.0,5,61
1016,26,Male,9.4,1.6,1.7,8.2,9.6,10,52
1017,27,Male,8.4,1.1,1.2,6.7,1.4,2,51
1018,24,Other,8.3,1.8,2.9,6.4,5.1,4,49
1019,19,Other,9.0,0.7,3.2,8.9,8.3,8,40
1020,23,Female,7.3,5.6,3.3,7.7,3.5,8,71
1021,19,Other,1.9,4.7,3.9,4.6,4.2,1,69
1022,23,Male,4.6,2.8,3.2,7.8,1.3,2,47
1023,27,Female,7.5,5.2,2.4,4.5,1.2,5,60
1024,28,Female,3.5,1.5,1.4,4.1,6.2,9,61
1025,29,Female,7.2,4.3,2.2,6.0,6.8,10,57
1026,18,Male,1.2,5.1,0.2,9.0,7.8,7,41
1027,26,Other,3.8,2.1,3.0,4.9,5.6,10,87
1028,22,Male,5.9,4.5,1.8,7.4,6.5,5,83
1029,19,Female,6.7,1.8,0.1,4.9,0.1,1,48
1030,19,Male,6.2,1.8,0.3,7.6,1.6,6,42
1031,25,Male,7.3,0.6,1.5,6.5,9.8,8,93
1032,23,Other,1.1,2.6,2.3,7.4,0.8,7,65
1033,21,Other,1.9,4.4,1.9,5.0,6.8,2,60
1034,28,Female,8.8,5.6,2.5,7.7,1.8,5,69
1035,26,Male,7.1,3.6,1.9,9.0,7.2,4,67
1036,23,Male,2.0,5.2,2.6,7.3,7.1,9,75
1037,25,Other,8.6,4.9,0.9,6.5,2.3,10,65
1038,17,Male,3.2,1.0,0.5,8.6,2.7,1,73
1039,23,Male,5.3,2.9,2.4,4.1,6.5,6,47
1040,22,Male,2.3,0.7,1.9,7.6,3.9,3,49
1041,26,Other,7.4,4.1,0.1,8.4,1.9,9,87
1042,28,Female,7.0,5.7,1.5,4.3,7.3,5,94
1043,25,Female,2.9,0.8,0.4,6.3,1.5,6,82
1044,17,Male,8.8,4.4,2.1,5.0,8.6,9,89
1045,29,Female,4.6,3.8,1.6,6.8,5.1,9,93
1046,20,Other,3.6,3.5,2.5,7.2,1.1,8,53
1047,25,Other,2.4,2.3,3.2,5.5,6.9,9,79
1048,20,Female,3.4,2.1,1.2,6.3,5.2,4,94
1049,26,Female,1.2,0.3,3.8,5.4,3.0,6,54
1050,19,Male,6.2,1.3,2.1,5.8,4.2,5,56
1051,25,Female,8.6,0.1,2.5,4.8,3.0,5,92
1052,29,Male,5.9,3.5,2.7,8.4,2.6,4,57
1053,18,Male,3.0,0.6,2.7,4.1,1.6,2,71
1054,20,Other,1.3,5.2,2.0,8.4,3.6,6,77
1055,22,Other,2.9,3.1,1.7,6.9,2.5,9,62
1056,18,Other,4.7,4.2,0.2,5.7,6.8,1,85
1057,24,Other,7.8,2.5,0.1,7.6,6.8,7,62
1058,24,Female,2.7,3.4,1.4,6.5,5.0,6,74
1059,17,Other,7.5,5.7,1.3,6.5,7.8,3,78
1060,28,Female,8.8,0.5,1.6,4.6,8.4,1,54
1061,19,Other,5.1,1.5,0.6,5.9,5.8,4,92
1062,26,Female,8.4,4.7,3.0,5.2,6.2,9,63
1063,25,Male,6.0,0.6,3.4,4.1,2.8,2,67
1064,21,Female,6.7,0.5,3.8,5.8,8.9,3,55
1065,22,Female,5.7,2.2,2.0,4.4,0.2,2,55
1066,20,Other,5.2,0.6,2.8,5.3,3.5,2,79
1067,26,Female,3.1,3.5,3.4,4.5,7.2,10,78
1068,18,Male,3.7,1.4,1.7,4.5,0.8,8,45
1069,27,Male,3.6,5.4,1.2,5.0,1.8,3,41
1070,24,Other,6.1,4.7,3.7,9.0,5.9,7,93
1071,27,Male,2.1,4.2,2.1,4.0,5.6,8,52
1072,29,Female,9.3,3.7,2.0,7.2,7.4,3,83
1073,22,Male,7.5,5.2,0.7,4.7,8.1,2,86
1074,21,Other,4.6,1.3,0.4,8.6,1.3,8,98
1075,25,Female,2.4,5.2,3.4,4.5,0.2,3,48
1076,17,Other,8.9,4.7,2.5,8.8,6.9,7,73
1077,21,Female,8.4,4.5,1.3,7.1,3.0,1,56
1078,22,Male,7.5,3.4,0.8,4.0,6.3,6,66
1079,21,Other,3.4,1.5,2.2,8.5,1.5,9,68
1080,22,Other,4.6,2.5,2.3,6.6,4.7,3,76
1081,22,Female,1.9,4.8,0.8,5.3,5.0,7,82
1082,23,Other,2.7,0.2,3.4,7.8,5.9,6,61
1083,20,Female,8.0,4.7,0.3,8.6,5.1,8,90
1084,27,Female,7.4,1.4,1.4,6.4,5.0,3,63
1085,24,Female,6.3,0.9,2.7,5.6,3.3,3,46
1086,23,Female,9.1,0.7,1.1,7.9,0.7,4,73
1087,25,Male,6.2,0.2,3.3,7.4,0.9,3,87
1088,23,Female,5.2,3.1,3.0,8.4,4.3,9,51
1089,19,Other,4.1,1.3,3.2,7.5,3.6,4,62
1090,19,Male,9.5,5.9,0.5,5.2,5.2,6,54
1091,24,Other,1.7,3.4,0.6,8.7,3.0,8,72
1092,21,Male,9.4,0.8,1.1,4.5,6.9,8,96
1093,20,Female,8.4,4.1,2.1,5.3,8.6,5,52
1094,24,Male,2.2,5.4,3.0,6.6,3.0,5,62
1095,22,Male,6.1,4.5,3.3,6.8,1.9,6,77
1096,18,Other,8.8,0.5,2.8,4.1,1.2,10,71
1097,20,Other,6.1,5.4,3.7,7.9,6.2,7,84
1098,28,Female,9.2,4.8,3.0,5.8,4.4,10,89
1099,27,Male,9.5,0.9,1.2,6.0,1.9,7,74
1100,20,Male,4.8,0.3,1.1,8.0,6.5,4,40
1101,22,Male,4.4,3.3,2.8,5.9,1.5,6,86
1102,22,Female,9.4,0.9,0.8,4.2,5.5,7,97
1103,17,Female,7.1,5.0,0.4,4.9,5.3,5,84
1104,24,Female,2.0,2.2,2.1,8.8,7.3,5,44
1105,22,Female,1.4,5.5,3.3,4.4,0.6,2,96
1106,19,Female,6.1,3.4,0.4,5.8,8.9,7,52
1107,25,Other,9.4,1.1,3.2,6.5,7.0,6,93
1108,18,Male,8.6,0.8,3.2,6.5,2.2,1,44
1109,27,Male,7.1,3.5,1.9,4.0,1.8,4,99
1110,24,Male,2.3,4.6,0.2,6.5,4.3,3,71
1111,26,Male,3.3,4.7,0.7,5.9,8.2,3,90
1112,19,Male,8.9,1.7,2.8,8.9,8.4,7,60
1113,29,Male,2.6,1.2,2.8,4.8,5.2,10,63
1114,28,Male,3.5,0.1,3.6,5.8,8.6,4,99
1115,21,Male,2.2,4.1,2.3,6.1,0.1,8,57
1116,22,Other,7.1,0.5,0.5,6.0,0.4,9,60
1117,26,Male,9.5,2.5,0.5,7.3,9.1,3,93
1118,22,Other,3.4,3.6,2.9,5.1,7.8,5,49
1119,20,Female,5.3,5.6,0.7,5.1,4.5,4,63
1120,19,Male,6.7,1.9,1.3,7.6,7.5,10,79
1121,20,Female,10.0,1.5,1.9,6.5,9.6,6,86
1122,17,Female,1.9,3.9,0.1,6.1,7.7,10,60
1123,20,Female,5.5,3.7,1.0,4.8,8.4,4,64
1124,17,Other,4.5,2.0,1.6,4.9,7.6,8,91
1125,28,Female,8.8,5.6,1.1,4.1,1.7,3,99
1126,17,Female,5.3,5.1,0.5,4.5,8.3,5,96
1127,26,Female,2.0,1.3,2.9,6.8,2.0,1,98
1128,22,Male,6.7,1.4,3.3,8.5,8.9,6,62
1129,21,Male,7.9,3.1,1.0,5.4,4.6,5,61
1130,27,Other,1.0,4.6,3.1,5.6,6.8,8,43
1131,20,Other,8.7,0.3,1.5,4.6,5.0,9,73
1132,29,Male,2.7,4.2,2.0,5.9,0.9,8,95
1133,27,Other,6.0,3.9,3.4,4.2,2.9,8,45
1134,19,Male,4.7,1.4,3.0,8.6,9.8,3,67
1135,17,Female,7.5,4.1,3.2,7.4,9.6,4,70
1136,22,Female,4.3,5.6,0.5,9.0,3.2,4,74
1137,18,Other,8.8,0.3,0.3,8.4,10.0,5,78
1138,24,Male,7.6,1.9,3.6,6.4,8.5,9,81
1139,26,Male,6.8,2.6,1.6,6.6,6.1,9,62
1140,21,Other,8.2,5.4,1.2,5.0,0.4,10,45
1141,23,Male,7.8,5.8,2.9,6.3,9.0,1,55
1142,26,Female,1.3,2.7,3.3,8.5,5.6,8,41
1143,28,Other,4.6,4.5,3.4,4.3,8.7,1,63
1144,18,Other,9.4,3.2,1.3,8.3,8.3,2,56
1145,29,Male,2.1,3.2,3.4,5.7,8.3,7,84
1146,24,Other,7.6,1.7,0.2,8.5,7.0,8,40
1147,18,Male,9.8,1.3,0.2,8.7,2.9,1,45
1148,20,Male,1.5,1.7,2.5,7.4,3.4,3,44
1149,17,Male,7.1,3.3,0.3,7.3,3.1,7,96
1150,21,Male,5.2,0.2,1.3,6.3,0.2,9,84
1151,25,Male,6.2,5.4,2.7,8.2,5.8,8,99
1152,17,Other,1.8,0.9,1.3,8.8,7.0,8,94
1153,25,Female,1.4,1.3,0.7,7.9,8.5,9,89
1154,27,Female,7.0,3.1,1.1,7.1,1.4,10,68
1155,24,Other,8.4,4.3,1.8,7.0,5.4,3,51
1156,22,Other,8.0,0.6,1.9,8.2,0.1,8,78
1157,23,Female,5.9,1.9,3.1,6.7,1.0,1,86
1158,19,Female,1.9,5.8,3.0,8.0,0.5,8,42
1159,17,Female,7.2,1.6,1.8,6.5,7.3,7,87
1160,21,Female,3.2,1.9,3.4,4.3,0.8,8,40
1161,28,Female,9.2,5.0,0.5,5.9,7.2,1,66
1162,28,Male,8.5,0.3,1.0,6.2,2.5,6,87
1163,18,Other,7.4,2.8,3.3,4.7,8.8,7,63
1164,21,Male,9.5,2.3,1.5,4.5,8.1,5,83
1165,24,Female,1.3,1.9,3.9,6.7,9.6,5,58
1166,27,Female,7.6,1.7,1.9,4.4,8.8,7,98
1167,25,Female,4.0,0.5,3.2,5.5,9.3,3,47
1168,18,Male,9.2,1.9,1.6,7.7,8.6,6,94
1169,28,Male,3.4,0.3,1.7,8.8,6.9,7,83
1170,19,Female,7.5,4.7,1.5,7.6,1.7,1,86
1171,19,Male,8.9,2.4,2.9,9.0,2.7,2,41
1172,17,Male,1.4,2.7,2.2,7.5,2.1,4,69
1173,24,Female,4.6,5.4,3.8,5.5,6.0,8,69
1174,22,Male,7.9,3.9,1.0,7.4,5.0,10,88
1175,28,Other,5.1,0.0,0.4,7.5,8.7,6,78
1176,29,Other,3.4,5.7,1.6,5.9,9.5,1,84
1177,24,Other,3.0,1.4,2.5,4.1,4.0,10,71
1178,27,Other,2.2,0.6,3.4,7.5,5.1,5,40
1179,25,Female,8.7,4.6,1.4,4.1,9.7,7,77
1180,21,Female,6.2,3.0,2.6,7.2,2.8,6,52
1181,28,Female,1.7,2.6,1.4,4.8,7.9,9,50
1182,19,Other,4.4,1.5,2.5,6.8,2.3,8,49
1183,21,Other,4.3,3.3,3.5,6.5,6.8,4,87
1184,21,Male,2.6,1.6,0.9,4.1,2.5,5,98
1185,21,Male,4.9,5.4,1.6,5.8,8.8,7,65
1186,19,Other,4.0,1.3,4.0,7.0,5.6,8,95
1187,27,Other,4.1,5.3,3.5,8.2,1.9,5,94
1188,26,Other,7.7,3.4,2.3,8.4,2.2,9,59
1189,20,Other,3.0,5.0,2.1,6.4,4.9,10,56
1190,25,Male,6.8,4.3,1.1,7.6,9.6,4,56
1191,29,Other,6.1,4.2,2.1,5.6,7.7,4,43
1192,26,Male,6.1,1.9,3.4,5.7,4.9,8,44
1193,25,Other,7.0,1.4,2.7,5.0,3.4,1,99
1194,18,Other,5.9,1.3,1.2,6.8,5.5,8,62
1195,24,Other,8.9,5.1,0.8,5.6,7.5,5,85
1196,24,Male,7.1,4.9,1.1,4.4,7.8,1,91
1197,23,Male,5.9,2.6,0.7,7.4,3.2,4,49
1198,24,Female,8.5,0.8,0.4,7.5,7.2,2,85
1199,19,Other,6.5,2.3,1.7,5.8,6.6,4,67
1200,29,Female,3.6,3.7,0.5,4.4,9.6,8,72
